Order ID,External ID,Short ID,Provider,Order Source,Brand,Branch,Menu Items,Menu Categories,Menu Modifiers,Status,Gross Order Value,Gross Order Value In Cents,Vat,Vat In Cents,Delivery Fee,Delivery Fee In Cents,Additional Fee,Additional Fee In Cents,Discount,Discount In Cents,Promo Code,Net Order Value,Net Order Value In Cents,Currency,Created At,Delivered At,Items Ordered,Unique Items Ordered,Order Type,Payment Method,Payment Channel,Payment Reference ID,Merchant Discount,Merchant Discount In Cents,Provider Discount,Provider Discount In Cents,Delivery Fee Discount,Delivery Fee Discount In Cents,Cancellation Reason,Cancelled By,Restaurant Service Fee,Restaurant Service Fee In Cents,Meal Preparation Time
78539833,00166718425-C8JFCREULJWGAX,GF-415,GrabFood,,"""American Breakfast Club""",Greenville,"""1x Mushroom Omelette - Mushrooms, Spinach, Side Tater Tots""","""American Breakfast Omelettes""","""N/A""",DELIVERED,68000,6800000,0,0,0,0,0,0,10200,1020000,-,57800,5780000,IDR,"September 27, 2026 07:58:21PM","September 27, 2026 08:17:58PM",1,1,delivery,Other,Other,-,10200,1020000,0,0,0,0,-,-,0,0,N/A
78518758,001965446526-C8JFATBWRUWBAA,GF-819,GrabFood,,"""American Breakfast Club""",Greenville,"""1x Sandwich - 2 Scrambled Eggs melty cheddar cheese on a wavy brioche bun, 1x Coke (Can), 1x Home Fries""","""American Breakfast Sandwiches,Drinks,Sides""","""N/A""",DELIVERED,98000,9800000,0,0,0,0,0,0,14700,1470000,-,83300,8330000,IDR,"September 27, 2026 05:14:05PM","September 27, 2026 05:41:41PM",3,3,delivery,Other,Other,-,14700,1470000,0,0,0,0,-,-,0,0,11 min 41 sec
78504774,00116225202-C8JEVY6VC4ABAX,GF-238,GrabFood,,"""Herbox""",Greenville,"""1x Tater tots, 1x Lauk size Regular Vegan Vegetarian, 1x Beef  wrap Vegan Herbox""","""Wrap Series,Sides,Lauk Only""","""N/A""",DELIVERED,149000,14900000,0,0,0,0,0,0,11800,1180000,-,137200,13720000,IDR,"September 27, 2026 02:56:42PM","September 27, 2026 03:26:42PM",3,3,delivery,Other,Other,-,11800,1180000,0,0,0,0,-,-,0,0,N/A
78504205,00108275177-C8JEVYCHCBDXC6,GF-193,GrabFood,,"""American Breakfast Club""",Kemang,"""1x Burrito - Mock Beef, 2 Scrambled Eggs, Cheddar, Avocado, Tater Tots,, 1x Home Fries""","""American Breakfast Burritos,Sides""","""N/A""",DELIVERED,106000,10600000,0,0,0,0,0,0,20400,2040000,-,85600,8560000,IDR,"September 27, 2026 02:50:59PM","September 27, 2026 03:21:07PM",2,2,delivery,Other,Other,-,20400,2040000,0,0,0,0,-,-,0,0,N/A
78503953,0015751563-C8JEVX2AVU2UJ6,GF-219,GrabFood,,"""American Breakfast Club""",Kemang,"""1x Sandwich - 2 Scrambled Eggs, Mock Fish, Cheddar Cheese, Mix, Brioche Bun""","""American Breakfast Sandwiches""","""N/A""",DELIVERED,58000,5800000,0,0,0,0,0,0,11600,1160000,-,46400,4640000,IDR,"September 27, 2026 02:48:31PM","September 27, 2026 03:17:53PM",1,1,delivery,Other,Other,-,11600,1160000,0,0,0,0,-,-,0,0,N/A
78501610,001598104125-C8JEVRDHFFTBRX,GF-673,GrabFood,,"""American Breakfast Club""",Kemang,"""1x Burrito - Mock Beef, 2 Scrambled Eggs, Cheddar, Avocado, Tater Tots,""","""American Breakfast Burritos""","""N/A""",DELIVERED,68000,6800000,0,0,0,0,0,0,20400,2040000,-,47600,4760000,IDR,"September 27, 2026 02:24:39PM","September 27, 2026 02:51:44PM",1,1,delivery,Other,Other,-,20400,2040000,0,0,0,0,-,-,0,0,N/A
78498571,001694044359-C8JEVJLEUE4VJT,GF-584,GrabFood,,"""People Pasta""",Greenville,"""1x Creamy Mushroom - Vegetarian - Plantbased, 1x Cacio e Pepe - Vegetarian - Plantbased""","""Signature Pasta""","""2x Spaghetti""",DELIVERED,86000,8600000,0,0,0,0,0,0,30100,3010000,-,55900,5590000,IDR,"September 27, 2026 01:55:54PM","September 27, 2026 02:18:44PM",2,2,delivery,Other,Other,-,30100,3010000,0,0,0,0,-,-,0,0,N/A
78495736,001060450953-C8JEVBN1ERD1AA,GF-694,GrabFood,,"""American Breakfast Club""",Kemang,"""1x Burrito - 2 Scrambled Eggs, Cheddar, Avocado, Tater Tots""","""American Breakfast Burritos""","""N/A""",DELIVERED,58000,5800000,0,0,0,0,0,0,11600,1160000,-,46400,4640000,IDR,"September 27, 2026 01:30:08PM","September 27, 2026 01:57:02PM",1,1,delivery,Other,Other,-,11600,1160000,0,0,0,0,-,-,0,0,N/A
78495073,001470293832-C8JEVAVCGN5ECX,GF-994,GrabFood,,"""American Breakfast Club""",Greenville,"""1x Burrito - 2 Scrambled Eggs, Cheddar, Avocado, Tater Tots""","""American Breakfast Burritos""","""N/A""",DELIVERED,58000,5800000,0,0,0,0,0,0,8700,870000,-,49300,4930000,IDR,"September 27, 2026 01:24:11PM","September 27, 2026 03:31:56PM",1,1,delivery,Other,Other,-,8700,870000,0,0,0,0,-,-,0,0,8 min 35 sec
78492496,F-3371451142,6986,gofood,,"""American Breakfast Club""",Greenville,"""1x 2 Pancakes - Butter, Maple Syrup, 1x Mushroom Omelette - Mushrooms, Spinach, Side Tater Tots""","""American Breakfast Pancakes,American Breakfast Omelettes""","""N/A""",DELIVERED,92800,9280000,0,0,0,0,4000,400000,24000,2400000,-,96800,9680000,IDR,"September 27, 2026 01:00:43PM","September 27, 2026 01:45:53PM",2,2,delivery,N/A,N/A,-,0,0,24000,2400000,0,0,-,-,0,0,N/A
78487857,001007892885-C8JET3ABJ2UBAE,GF-998,GrabFood,,"""American Breakfast Club""",Kemang,"""1x Cheese Omelette - Side Tater Tots""","""American Breakfast Omelettes""","""1x Chick Nugget""",DELIVERED,93000,9300000,0,0,0,0,0,0,11600,1160000,-,81400,8140000,IDR,"September 27, 2026 12:20:11PM","September 27, 2026 01:38:44PM",1,1,delivery,Other,Other,-,11600,1160000,0,0,0,0,-,-,0,0,17 min 3 sec
78487686,001960965741-C8JET22HWFCACA,GF-258,GrabFood,,"""American Breakfast Club""",Kemang,"""1x Burrito - Mock Katsu, 2 Scrambled Eggs, Cheddar, Avocado, Tater Tots""","""American Breakfast Burritos""","""N/A""",DELIVERED,68000,6800000,0,0,0,0,0,0,0,0,-,68000,6800000,IDR,"September 27, 2026 12:18:38PM","September 27, 2026 12:48:39PM",1,1,delivery,Other,Other,-,0,0,0,0,0,0,-,-,0,0,18 min 37 sec
78487339,0016678985-C8JET2LEE8E2R2,GF-249,GrabFood,,"""American Breakfast Club""",Kemang,"""1x Mushroom Omelette - Mushrooms, Spinach, Side Tater Tots""","""American Breakfast Omelettes""","""N/A""",DELIVERED,68000,6800000,0,0,0,0,0,0,13600,1360000,-,54400,5440000,IDR,"September 27, 2026 12:15:54PM","September 27, 2026 12:40:42PM",1,1,delivery,Other,Other,-,13600,1360000,0,0,0,0,-,-,0,0,N/A
78483549,F-3371315103,4825,gofood,,"""American Breakfast Club""",Kemang,"""1x Cheese Omelette - Side Tater Tots, 1x Sandwich - 2 Scrambled Eggs melty cheddar cheese on a wavy brioche bun""","""American Breakfast Omelettes,American Breakfast Sandwiches""","""N/A""",DELIVERED,103000,10300000,0,0,0,0,4000,400000,56400,5640000,-,86120,8612000,IDR,"September 27, 2026 11:43:56AM","September 27, 2026 12:09:38PM",2,2,delivery,N/A,N/A,-,20880,2088000,35520,3552000,0,0,-,-,0,0,N/A
78482116,001450278315-C8JETPKBVRMVT2,GF-923,GrabFood,,"""People Pasta""",Greenville,"""1x Vegan Chicken Crispy Burger, 1x Cacio e Pepe - Vegetarian - Plantbased, 1x Bolognese - Vegan Friendly - Vegetarian - Plantbase""","""Meatless Burgers,Signature Pasta""","""2x Spaghetti""",DELIVERED,135000,13500000,0,0,0,0,0,0,38000,3800000,-,97000,9700000,IDR,"September 27, 2026 11:32:14AM","September 27, 2026 12:09:39PM",3,3,delivery,Other,Other,-,38000,3800000,0,0,0,0,-,-,0,0,12 min 51 sec
78480161,001341090390-C8JETKD2AEM3GT,GF-369,GrabFood,,"""American Breakfast Club""",Kemang,"""1x Burrito - Mock Beef, 2 Scrambled Eggs, Cheddar, Avocado, Tater Tots,""","""American Breakfast Burritos""","""N/A""",DELIVERED,68000,6800000,0,0,0,0,0,0,0,0,-,68000,6800000,IDR,"September 27, 2026 11:14:49AM","September 27, 2026 12:22:25PM",1,1,delivery,Other,Other,-,0,0,0,0,0,0,-,-,0,0,14 min 13 sec
78479721,F-3371254178,5256,gofood,,"""American Breakfast Club""",Kemang,"""1x Egg burger - 2 Scrambled Eggs, Cheddar Cheese, Secret Sauce, 1x Cheese Omelette - Side Tater Tots""","""American Breakfast Burger,American Breakfast Omelettes""","""N/A""",DELIVERED,103000,10300000,0,0,0,0,4000,400000,56400,5640000,-,86120,8612000,IDR,"September 27, 2026 11:10:01AM","September 27, 2026 11:28:58AM",2,2,delivery,N/A,N/A,-,20880,2088000,35520,3552000,0,0,-,-,0,0,N/A
78479577,001131374251-C8JETJM2ERBVGE,GF-450,GrabFood,,"""American Breakfast Club""",Greenville,"""1x Burrito - 2 Scrambled Eggs, Cheddar, Avocado, Tater Tots""","""American Breakfast Burritos""","""N/A""",DELIVERED,58000,5800000,0,0,0,0,0,0,8700,870000,-,49300,4930000,IDR,"September 27, 2026 11:09:50AM","September 27, 2026 12:03:28PM",1,1,delivery,Other,Other,-,8700,870000,0,0,0,0,-,-,0,0,8 min 55 sec
78479541,F-3371251581,7761,gofood,,"""American Breakfast Club""",Kemang,"""1x Egg burger - 2 Scrambled Eggs, Cheddar Cheese, Secret Sauce, 1x Tater Tots With Truffle Oil""","""American Breakfast Burger,Sides""","""N/A""",DELIVERED,83000,8300000,0,0,0,0,4000,400000,10000,1000000,-,87000,8700000,IDR,"September 27, 2026 11:08:33AM","September 27, 2026 11:42:04AM",2,2,delivery,N/A,N/A,-,0,0,10000,1000000,0,0,-,-,0,0,N/A
78479397,F-3371250858,7793,gofood,,"""American Breakfast Club""",Kemang,"""1x Egg burger - 2 Scrambled Eggs, Cheddar Cheese, Secret Sauce, 1x Tater Tots With Truffle Oil""","""American Breakfast Burger,Sides""","""N/A""",CANCELLED,83000,8300000,0,0,0,0,4000,400000,10000,1000000,-,87000,8700000,IDR,"September 27, 2026 11:08:07AM",,2,2,delivery,N/A,N/A,-,0,0,10000,1000000,0,0,N/A,N/A,0,0,N/A
78479379,001210467491-C8JETJAXVFVKFE,GF-861,GrabFood,,"""American Breakfast Club""",Greenville,"""1x 2 Pancakes - Blueberries, Butter, Maple Syrup, 1x Sandwich - 2 Scrambled Eggs Mock Beef, Cheddar Cheese  on a wavy brioche bun""","""American Breakfast Sandwiches,American Breakfast Pancakes""","""1x Cutleries""",DELIVERED,117500,11750000,0,0,0,0,0,0,17400,1740000,-,100100,10010000,IDR,"September 27, 2026 11:07:56AM","September 27, 2026 11:43:35AM",2,2,delivery,Other,Other,-,17400,1740000,0,0,0,0,-,-,0,0,N/A
78478974,001875799171-C8JETGB3NJEZFE,GF-079,GrabFood,,"""American Breakfast Club""",Greenville,"""2x 2 Pancakes - Butter, Maple Syrup, 1x 2 Pancakes - Chocolate Chips, Butter, Maple Syrup""","""American Breakfast Pancakes""","""N/A""",DELIVERED,154000,15400000,0,0,38000,3800000,0,0,23100,2310000,-,130900,13090000,IDR,"September 27, 2026 11:04:09AM","September 27, 2026 11:49:00AM",3,2,delivery,Cash,Cash,-,23100,2310000,0,0,0,0,-,-,0,0,14 min 32 sec
78478443,001123336409-C8JETFJFCXNZT2,GF-043,GrabFood,,"""American Breakfast Club""",Kemang,"""1x Burrito - Mock Chicken, 2 Scrambled Eggs, Cheddar, Avocado, Tater Tots""","""American Breakfast Burritos""","""1x Tatter Tots""",DELIVERED,98000,9800000,0,0,0,0,0,0,0,0,-,98000,9800000,IDR,"September 27, 2026 10:59:01AM","September 27, 2026 11:32:46AM",1,1,delivery,Other,Other,-,0,0,0,0,0,0,-,-,0,0,N/A
78478161,001341670661-C8JETE4BVPKAWE,GF-674,GrabFood,,"""American Breakfast Club""",Kemang,"""1x Mushroom Omelette - Mushrooms, Spinach, Side Tater Tots""","""American Breakfast Omelettes""","""N/A""",DELIVERED,68000,6800000,0,0,0,0,0,0,13600,1360000,-,54400,5440000,IDR,"September 27, 2026 10:55:53AM","September 27, 2026 11:41:02AM",1,1,delivery,Other,Other,-,13600,1360000,0,0,0,0,-,-,0,0,N/A
78477262,00134326101-C8JETCAWTTWTDE,GF-104,GrabFood,,"""Tyfel Coffee""",Greenville,"""1x Spicy Olio, 1x Tyfel Rice""","""Main Course""","""N/A""",DELIVERED,105000,10500000,0,0,0,0,0,0,21000,2100000,-,84000,8400000,IDR,"September 27, 2026 10:47:06AM",,2,2,delivery,Other,Other,-,21000,2100000,0,0,0,0,-,-,0,0,11 min 14 sec
78477259,00134326101-C8JETCAWTTWTDE,GF-521,GrabFood,,"""American Breakfast Club""",Greenville,"""1x Burrito - 2 Scrambled Eggs, Cheddar, Avocado, Tater Tots""","""American Breakfast Burritos""","""N/A""",DELIVERED,58000,5800000,0,0,0,0,0,0,8700,870000,-,49300,4930000,IDR,"September 27, 2026 10:47:06AM","September 27, 2026 11:35:17AM",1,1,delivery,Other,Other,-,8700,870000,0,0,0,0,-,-,0,0,11 min 18 sec
78475284,F-3371182668,1466,gofood,,"""American Breakfast Club""",Kemang,"""1x Cheese Omelette - Side Tater Tots, 1x Sandwich - 2 Scrambled Eggs, Mock Fish, Cheddar Cheese, Mix, Brioche Bun""","""American Breakfast Omelettes,American Breakfast Sandwiches""","""N/A""",DELIVERED,116000,11600000,0,0,0,0,4000,400000,62200,6220000,-,96510,9651000,IDR,"September 27, 2026 10:25:12AM","September 27, 2026 10:49:41AM",2,2,delivery,N/A,N/A,-,23490,2349000,38710,3871000,0,0,-,-,0,0,N/A
78473870,001028055675-C8JESBTHNZNBCA,GF-080,GrabFood,,"""American Breakfast Club""",Greenville,"""1x Burrito - 2 Scrambled Eggs, Cheddar, Avocado, Tater Tots, 1x Cutleries""","""American Breakfast Burritos,Cutleries""","""N/A""",DELIVERED,59000,5900000,0,0,0,0,0,0,11700,1170000,-,47300,4730000,IDR,"September 27, 2026 10:10:19AM","September 27, 2026 10:49:23AM",2,2,delivery,Other,Other,-,11700,1170000,0,0,0,0,-,-,0,0,N/A
78473303,0010924536-C8JESANXNVNKTE,GF-749,GrabFood,,"""Tyfel Coffee""",Greenville,"""1x Hydro Coco, 1x Quesadilla, 1x Tyfel Burritos - Vegan""","""Drinks,Lite Bites""","""N/A""",DELIVERED,100000,10000000,0,0,0,0,0,0,46700,4670000,-,53300,5330000,IDR,"September 27, 2026 10:03:53AM","September 27, 2026 10:29:59AM",3,3,delivery,Other,Other,-,46700,4670000,0,0,0,0,-,-,0,0,N/A
78472954,001480083082-C8JESAAFUE6TN6,GF-282,GrabFood,,"""American Breakfast Club""",Kemang,"""1x Burrito - Mock Beef, 2 Scrambled Eggs, Cheddar, Avocado, Tater Tots,""","""American Breakfast Burritos""","""1x Home Fries""",DELIVERED,98000,9800000,0,0,0,0,0,0,0,0,-,98000,9800000,IDR,"September 27, 2026 10:00:15AM","September 27, 2026 10:36:26AM",1,1,delivery,Other,Other,-,0,0,0,0,0,0,-,-,0,0,N/A
78472204,F-3371135720,4647,gofood,,"""Herbox""",Greenville,"""1x Paket 3 Rice Box Favorite (rica+lada hitam+kungpao)""","""Combo Hemat Vegan""","""N/A""",DELIVERED,93600,9360000,0,0,0,0,4000,400000,32800,3280000,-,82840,8284000,IDR,"September 27, 2026 09:48:48AM","September 27, 2026 10:25:22AM",1,1,delivery,N/A,N/A,-,14760,1476000,18040,1804000,0,0,-,-,0,0,N/A
78471938,F-3371118229,7287,gofood,,"""American Breakfast Club""",Greenville,"""1x Burrito - Mock Beef, 2 Scrambled Eggs, Cheddar, Avocado, Tater Tots,""","""American Breakfast Burritos""","""N/A""",DELIVERED,54400,5440000,0,0,0,0,4000,400000,12500,1250000,-,58400,5840000,IDR,"September 27, 2026 09:31:58AM","September 27, 2026 10:32:35AM",1,1,delivery,N/A,N/A,-,0,0,12500,1250000,0,0,-,-,0,0,N/A
78471800,0015496577-C8JER4NKAATXWA,GF-375,GrabFood,,"""American Breakfast Club""",Kemang,"""2x Burrito - 2 Scrambled Eggs, Cheddar, Avocado, Tater Tots, 1x Home Fries, 1x Mushroom Omelette - Mushrooms, Spinach, Side Tater Tots""","""American Breakfast Burritos,Sides,American Breakfast Omelettes""","""1x Chick Nugget, 1x Cutleries""",DELIVERED,257600,25760000,0,0,0,0,0,0,36800,3680000,-,220800,22080000,IDR,"September 27, 2026 09:43:24AM","September 27, 2026 10:36:36AM",4,4,delivery,Other,Other,-,36800,3680000,0,0,0,0,-,-,0,0,N/A
78469511,F-3371081093,2471,gofood,,"""American Breakfast Club""",Greenville,"""1x 2 Pancakes - Blueberries, Butter, Maple Syrup, 2x Cheese Omelette - Side Tater Tots""","""American Breakfast Pancakes,American Breakfast Omelettes""","""N/A""",DELIVERED,139200,13920000,0,0,0,0,4000,400000,64700,6470000,-,114985,11498500,IDR,"September 27, 2026 08:52:43AM","September 27, 2026 09:27:14AM",3,2,delivery,N/A,N/A,-,28215,2821500,36485,3648500,0,0,-,-,0,0,N/A
78469374,001941316051-C8JERUT3G653R6,GF-382,GrabFood,,"""American Breakfast Club""",Greenville,"""1x Burrito - Mock Chicken, 2 Scrambled Eggs, Cheddar, Avocado, Tater Tots""","""American Breakfast Burritos""","""N/A""",DELIVERED,68000,6800000,0,0,0,0,0,0,13200,1320000,-,54800,5480000,IDR,"September 27, 2026 09:03:49AM","September 27, 2026 09:36:13AM",1,1,delivery,Other,Other,-,13200,1320000,0,0,0,0,-,-,0,0,N/A
78468868,001388546503-C8JERTBDLRLDJ2,GF-116,GrabFood,,"""American Breakfast Club""",Kemang,"""1x Cheese Omelette - Side Tater Tots""","""American Breakfast Omelettes""","""1x Tatter Tots""",DELIVERED,88000,8800000,0,0,0,0,0,0,11600,1160000,-,76400,7640000,IDR,"September 27, 2026 08:53:55AM","September 27, 2026 09:53:34AM",1,1,delivery,Other,Other,-,11600,1160000,0,0,0,0,-,-,0,0,N/A
78468748,00198668635-C8JERRCJAFAZFE,GF-984,GrabFood,,"""American Breakfast Club""",Kemang,"""1x Mushroom Omelette - Mushrooms, Spinach, Side Tater Tots""","""American Breakfast Omelettes""","""N/A""",DELIVERED,68000,6800000,0,0,0,0,0,0,13600,1360000,-,54400,5440000,IDR,"September 27, 2026 08:50:57AM","September 27, 2026 09:56:00AM",1,1,delivery,Other,Other,-,13600,1360000,0,0,0,0,-,-,0,0,N/A
78468665,F-3371076644,5175,gofood,,"""American Breakfast Club""",Kemang,"""1x Sandwich - 2 Scrambled Eggs melty cheddar cheese on a wavy brioche bun""","""American Breakfast Sandwiches""","""N/A""",DELIVERED,45000,4500000,0,0,0,0,4000,400000,10000,1000000,-,49000,4900000,IDR,"September 27, 2026 08:46:52AM","September 27, 2026 09:10:43AM",1,1,delivery,N/A,N/A,-,0,0,10000,1000000,0,0,-,-,0,0,N/A
78468512,001743050474-C8JERPJCR8LEL6,GF-301,GrabFood,,"""American Breakfast Club""",Greenville,"""1x Burrito - Mock Chicken, 2 Scrambled Eggs, Cheddar, Avocado, Tater Tots""","""American Breakfast Burritos""","""N/A""",DELIVERED,68000,6800000,0,0,0,0,0,0,10200,1020000,-,57800,5780000,IDR,"September 27, 2026 08:45:12AM","September 27, 2026 09:07:40AM",1,1,delivery,Other,Other,-,10200,1020000,0,0,0,0,-,-,0,0,N/A
78468185,F-3371069399,4495,gofood,,"""American Breakfast Club""",Kemang,"""1x Burrito - 2 Scrambled Eggs, Cheddar, Avocado, Tater Tots, 1x Burrito - Mock Chicken, 2 Scrambled Eggs, Cheddar, Avocado, Tater Tots""","""American Breakfast Burritos""","""1x Home Fries""",DELIVERED,156000,15600000,0,0,0,0,4000,400000,70200,7020000,-,128410,12841000,IDR,"September 27, 2026 08:37:15AM","September 27, 2026 09:24:05AM",2,2,delivery,N/A,N/A,-,31590,3159000,38610,3861000,0,0,-,-,0,0,N/A
78468016,F-3371066252,2373,gofood,,"""LA Breakfast Club""",Greenville,"""1x Chocolate Chip Pancakes (2 Pcs), 1x Blueberry Pancakes (2 Pcs)""","""LA Breakfast Pancakes""","""N/A""",DELIVERED,148000,14800000,0,0,0,0,0,0,0,0,-,148000,14800000,IDR,"September 27, 2026 08:33:06AM","September 27, 2026 09:13:01AM",2,2,delivery,N/A,N/A,-,0,0,0,0,0,0,-,-,0,0,N/A
78467942,F-3371064907,2349,gofood,,"""American Breakfast Club""",Greenville,"""1x Burrito - Mock Fish, 2 Scrambled Eggs, Cheddar, Avocado, Tater Tots,""","""American Breakfast Burritos""","""N/A""",DELIVERED,54400,5440000,0,0,0,0,4000,400000,0,0,-,58400,5840000,IDR,"September 27, 2026 08:31:11AM","September 27, 2026 09:08:32AM",1,1,delivery,N/A,N/A,-,0,0,0,0,0,0,-,-,0,0,N/A
78467773,001653526185-C8JERKB3G7UAC2,GF-318,GrabFood,,"""American Breakfast Club""",Greenville,"""1x Burrito - Mock Chicken, 2 Scrambled Eggs, Cheddar, Avocado, Tater Tots""","""American Breakfast Burritos""","""N/A""",DELIVERED,68000,6800000,0,0,0,0,0,0,10200,1020000,-,57800,5780000,IDR,"September 27, 2026 08:27:29AM","September 27, 2026 09:07:02AM",1,1,delivery,Other,Other,-,10200,1020000,0,0,0,0,-,-,0,0,N/A
78467766,F-3371061756,5158,gofood,,"""American Breakfast Club""",Kemang,"""1x Sandwich - 2 Scrambled Eggs melty cheddar cheese on a wavy brioche bun""","""American Breakfast Sandwiches""","""N/A""",DELIVERED,45000,4500000,0,0,0,0,4000,400000,0,0,-,49000,4900000,IDR,"September 27, 2026 08:26:49AM","September 27, 2026 09:13:04AM",1,1,delivery,N/A,N/A,-,0,0,0,0,0,0,-,-,0,0,N/A
78467676,001709232843-C8JERJXJG8JJEJ,GF-491,GrabFood,,"""American Breakfast Club""",Kemang,"""1x Burrito - 2 Scrambled Eggs, Cheddar, Avocado, Tater Tots""","""American Breakfast Burritos""","""N/A""",DELIVERED,58000,5800000,0,0,0,0,0,0,11600,1160000,-,46400,4640000,IDR,"September 27, 2026 08:24:58AM","September 27, 2026 09:04:48AM",1,1,delivery,Other,Other,-,11600,1160000,0,0,0,0,-,-,0,0,N/A
78467497,001644333056-C8JERGM3VNXBLX,GF-715,GrabFood,,"""American Breakfast Club""",Kemang,"""1x Burrito - Mock Chicken, 2 Scrambled Eggs, Cheddar, Avocado, Tater Tots, 1x Sandwich - 2 Scrambled Eggs, Mock Chicken, Cheddar Cheese Mix, Brioche Bun, 1x Burrito - 2 Scrambled Eggs, Cheddar, Avocado, Tater Tots, 1x Sandwich - 2 Scrambled Eggs melty cheddar cheese on a wavy brioche bun, 2x Tater Tots""","""American Breakfast Sandwiches,Sides,American Breakfast Burritos""","""N/A""",DELIVERED,305000,30500000,0,0,0,0,0,0,32200,3220000,-,272800,27280000,IDR,"September 27, 2026 08:19:52AM","September 27, 2026 09:03:52AM",6,5,delivery,Other,Other,-,32200,3220000,0,0,0,0,-,-,0,0,N/A
78466786,00136311568-C8JERBWDT6JDJE,GF-925,GrabFood,,"""American Breakfast Club""",Greenville,"""1x Burrito - Mock Chicken, 2 Scrambled Eggs, Cheddar, Avocado, Tater Tots""","""American Breakfast Burritos""","""N/A""",DELIVERED,68000,6800000,0,0,0,0,0,0,10200,1020000,-,57800,5780000,IDR,"September 27, 2026 07:57:54AM","September 27, 2026 08:48:58AM",1,1,delivery,Other,Other,-,10200,1020000,0,0,0,0,-,-,0,0,N/A
78466493,F-3371036092,1518,gofood,,"""Tyfel Coffee""",Kemang,"""1x Breakfast Burrito""","""Breakfast Burritos""","""N/A""",DELIVERED,58000,5800000,0,0,0,0,4000,400000,0,0,-,62000,6200000,IDR,"September 27, 2026 07:47:20AM","September 27, 2026 08:17:47AM",1,1,delivery,N/A,N/A,-,0,0,0,0,0,0,-,-,0,0,N/A
78466419,0017493634-C8JEPGJYHEWTJE,GF-424,GrabFood,,"""American Breakfast Club""",Kemang,"""1x Mushroom Omelette - Mushrooms, Spinach, Side Tater Tots""","""American Breakfast Omelettes""","""1x Cutleries, 1x Mineral Water, 1x Truffle Tater Tots""",DELIVERED,118600,11860000,0,0,0,0,0,0,13600,1360000,-,105000,10500000,IDR,"September 27, 2026 07:45:27AM","September 27, 2026 08:29:48AM",1,1,delivery,Other,Other,-,13600,1360000,0,0,0,0,-,-,0,0,N/A
78466378,F-3371028118,6127,gofood,,"""American Breakfast Club""",Kemang,"""4x Original Egg burger - Patties, 2 Scrambled Eggs, Cheddar Cheese, Secret Sauce""","""American Breakfast Burger""","""N/A""",DELIVERED,232000,23200000,0,0,0,0,4000,400000,12500,1250000,-,236000,23600000,IDR,"September 27, 2026 07:32:50AM","September 27, 2026 08:27:47AM",4,1,delivery,N/A,N/A,-,0,0,12500,1250000,0,0,-,-,0,0,N/A
78466369,001720560803-C8JEPF6HEEBTJ2,GF-910,GrabFood,,"""American Breakfast Club""",Kemang,"""4x Burrito - 2 Scrambled Eggs, Cheddar, Avocado, Tater Tots, 1x Mushroom Omelette - Mushrooms, Spinach, Side Tater Tots""","""American Breakfast Burritos,American Breakfast Omelettes""","""N/A""",DELIVERED,300000,30000000,0,0,0,0,0,0,60000,6000000,-,240000,24000000,IDR,"September 27, 2026 07:43:17AM","September 27, 2026 08:56:03AM",5,2,delivery,Other,Other,-,60000,6000000,0,0,0,0,-,-,0,0,N/A
78466347,001332826477-C8JEPF23VTVJV6,GF-826,GrabFood,,"""American Breakfast Club""",Greenville,"""1x Burrito - 2 Scrambled Eggs, Cheddar, Avocado, Tater Tots""","""American Breakfast Burritos""","""N/A""",DELIVERED,58000,5800000,0,0,0,0,0,0,8700,870000,-,49300,4930000,IDR,"September 27, 2026 07:42:15AM","September 27, 2026 08:12:18AM",1,1,delivery,Other,Other,-,8700,870000,0,0,0,0,-,-,0,0,11 min 42 sec
78466115,001484741589-C8JEPEMKVBCGLE,GF-694,GrabFood,,"""American Breakfast Club""",Greenville,"""1x 2 Pancakes - Blueberries, Butter, Maple Syrup, 1x Burrito - 2 Scrambled Eggs, Cheddar, Avocado, Tater Tots""","""American Breakfast Pancakes,American Breakfast Burritos""","""N/A""",DELIVERED,116000,11600000,0,0,31000,3100000,0,0,64910,6491000,-,95600,9560000,IDR,"September 27, 2026 07:32:59AM","September 27, 2026 08:07:40AM",2,2,delivery,Cash,Cash,-,20400,2040000,44510,4451000,0,0,-,-,0,0,N/A
78465993,F-3371025508,6634,gofood,,"""American Breakfast Club""",Kemang,"""1x Egg burger - 2 Scrambled Eggs, Cheddar Cheese, Secret Sauce""","""American Breakfast Burger""","""1x Tatter Tots""",DELIVERED,75000,7500000,0,0,0,0,4000,400000,0,0,-,79000,7900000,IDR,"September 27, 2026 07:27:54AM","September 27, 2026 08:09:58AM",1,1,delivery,N/A,N/A,-,0,0,0,0,0,0,-,-,0,0,N/A
78465867,00106154192-C8JEPBNYTNCXGT,GF-691,GrabFood,,"""American Breakfast Club""",Greenville,"""1x Burrito - 2 Scrambled Eggs, Cheddar, Avocado, Tater Tots""","""American Breakfast Burritos""","""1x Cutleries""",DELIVERED,59500,5950000,0,0,0,0,0,0,8700,870000,-,50800,5080000,IDR,"September 27, 2026 07:23:27AM","September 27, 2026 07:51:38AM",1,1,delivery,Other,Other,-,8700,870000,0,0,0,0,-,-,0,0,14 min 26 sec
78465142,001911653709-C8JEN26UETEZV2,GF-627,GrabFood,,"""American Breakfast Club""",Greenville,"""1x Burrito - Mock Beef, 2 Scrambled Eggs, Cheddar, Avocado, Tater Tots,""","""American Breakfast Burritos""","""1x Tatter Tots""",DELIVERED,98000,9800000,0,0,0,0,0,0,10200,1020000,-,87800,8780000,IDR,"September 27, 2026 06:46:42AM","September 27, 2026 07:22:35AM",1,1,delivery,Other,Other,-,10200,1020000,0,0,0,0,-,-,0,0,19 min 6 sec
78465009,00148737329-C8JENZCACLKGSE,GF-474,GrabFood,,"""American Breakfast Club""",Greenville,"""1x Sandwich - 2 Scrambled Eggs melty cheddar cheese on a wavy brioche bun, 2x Sandwich - 2 Scrambled Eggs Mock Beef, Cheddar Cheese  on a wavy brioche bun""","""American Breakfast Sandwiches""","""N/A""",DELIVERED,161000,16100000,0,0,0,0,0,0,24150,2415000,-,136850,13685000,IDR,"September 27, 2026 06:37:47AM","September 27, 2026 07:02:15AM",3,2,delivery,Other,Other,-,24150,2415000,0,0,0,0,-,-,0,0,N/A
78464939,001904321944-C8JENYTVGVEFAA,GF-568,GrabFood,,"""Herbox""",Greenville,"""1x Original Burger Vegan, 1x Tater tots""","""Vegan Burger,Sides""","""N/A""",DELIVERED,89000,8900000,0,0,0,0,0,0,14800,1480000,-,74200,7420000,IDR,"September 27, 2026 06:33:42AM","September 27, 2026 06:57:03AM",2,2,delivery,Other,Other,-,14800,1480000,0,0,0,0,-,-,0,0,N/A
78464761,001506060041-C8JENVDKRXWJCX,GF-961,GrabFood,,"""Herbox""",Greenville,"""1x Original Burger Vegan, 1x Tater tots""","""Vegan Burger,Sides""","""N/A""",CANCELLED,89000,8900000,0,0,0,0,0,0,14800,1480000,-,74200,7420000,IDR,"September 27, 2026 06:21:19AM",,2,2,delivery,Other,Other,-,14800,1480000,0,0,0,0,RESTAURANT_CLOSED,provider,0,0,N/A
