Order ID,External ID,Short ID,Provider,Order Source,Brand,Branch,Menu Items,Menu Categories,Menu Modifiers,Item Quantity,Modifier Quantity,Item Sale Price,Modifier Sale Price,Created At,Status
78539833,00166718425-C8JFCREULJWGAX,GF-415,GrabFood,,American Breakfast Club,Greenville,"Mushroom Omelette - Mushrooms, Spinach, Side Tater Tots",American Breakfast Omelettes,,1,,68000.00,,"September 27, 2026 07:58:21PM",DELIVERED
78518758,001965446526-C8JFATBWRUWBAA,GF-819,GrabFood,,American Breakfast Club,Greenville,Sandwich - 2 Scrambled Eggs melty cheddar cheese on a wavy brioche bun,American Breakfast Sandwiches,,1,,45000.00,,"September 27, 2026 05:14:05PM",DELIVERED
78518758,001965446526-C8JFATBWRUWBAA,GF-819,GrabFood,,American Breakfast Club,Greenville,Coke (Can),Drinks,,1,,15000.00,,"September 27, 2026 05:14:05PM",DELIVERED
78518758,001965446526-C8JFATBWRUWBAA,GF-819,GrabFood,,American Breakfast Club,Greenville,Home Fries,Sides,,1,,38000.00,,"September 27, 2026 05:14:05PM",DELIVERED
78504774,00116225202-C8JEVY6VC4ABAX,GF-238,GrabFood,,Herbox,Greenville,Beef  wrap Vegan Herbox,Wrap Series,,1,,59000.00,,"September 27, 2026 02:56:42PM",DELIVERED
78504774,00116225202-C8JEVY6VC4ABAX,GF-238,GrabFood,,Herbox,Greenville,Tater tots,Sides,,1,,30000.00,,"September 27, 2026 02:56:42PM",DELIVERED
78504774,00116225202-C8JEVY6VC4ABAX,GF-238,GrabFood,,Herbox,Greenville,Lauk size Regular Vegan Vegetarian,Lauk Only,,1,,60000.00,,"September 27, 2026 02:56:42PM",DELIVERED
78504205,00108275177-C8JEVYCHCBDXC6,GF-193,GrabFood,,American Breakfast Club,Kemang,"Burrito - Mock Beef, 2 Scrambled Eggs, Cheddar, Avocado, Tater Tots,",American Breakfast Burritos,,1,,68000.00,,"September 27, 2026 02:50:59PM",DELIVERED
78504205,00108275177-C8JEVYCHCBDXC6,GF-193,GrabFood,,American Breakfast Club,Kemang,Home Fries,Sides,,1,,38000.00,,"September 27, 2026 02:50:59PM",DELIVERED
78503953,0015751563-C8JEVX2AVU2UJ6,GF-219,GrabFood,,American Breakfast Club,Kemang,"Sandwich - 2 Scrambled Eggs, Mock Fish, Cheddar Cheese, Mix, Brioche Bun",American Breakfast Sandwiches,,1,,58000.00,,"September 27, 2026 02:48:31PM",DELIVERED
78501610,001598104125-C8JEVRDHFFTBRX,GF-673,GrabFood,,American Breakfast Club,Kemang,"Burrito - Mock Beef, 2 Scrambled Eggs, Cheddar, Avocado, Tater Tots,",American Breakfast Burritos,,1,,68000.00,,"September 27, 2026 02:24:39PM",DELIVERED
78498571,001694044359-C8JEVJLEUE4VJT,GF-584,GrabFood,,People Pasta,Greenville,Creamy Mushroom - Vegetarian - Plantbased,Signature Pasta,,1,,43000.00,,"September 27, 2026 01:55:54PM",DELIVERED
78498571,001694044359-C8JEVJLEUE4VJT,GF-584,GrabFood,,People Pasta,Greenville,Creamy Mushroom - Vegetarian - Plantbased,Signature Pasta,Spaghetti,,1,,0.00,"September 27, 2026 01:55:54PM",DELIVERED
78498571,001694044359-C8JEVJLEUE4VJT,GF-584,GrabFood,,People Pasta,Greenville,Cacio e Pepe - Vegetarian - Plantbased,Signature Pasta,,1,,43000.00,,"September 27, 2026 01:55:54PM",DELIVERED
78498571,001694044359-C8JEVJLEUE4VJT,GF-584,GrabFood,,People Pasta,Greenville,Cacio e Pepe - Vegetarian - Plantbased,Signature Pasta,Spaghetti,,1,,0.00,"September 27, 2026 01:55:54PM",DELIVERED
78495736,001060450953-C8JEVBN1ERD1AA,GF-694,GrabFood,,American Breakfast Club,Kemang,"Burrito - 2 Scrambled Eggs, Cheddar, Avocado, Tater Tots",American Breakfast Burritos,,1,,58000.00,,"September 27, 2026 01:30:08PM",DELIVERED
78495073,001470293832-C8JEVAVCGN5ECX,GF-994,GrabFood,,American Breakfast Club,Greenville,"Burrito - 2 Scrambled Eggs, Cheddar, Avocado, Tater Tots",American Breakfast Burritos,,1,,58000.00,,"September 27, 2026 01:24:11PM",DELIVERED
78492496,F-3371451142,6986,gofood,,American Breakfast Club,Greenville,"2 Pancakes - Butter, Maple Syrup",American Breakfast Pancakes,,1,,38400.00,,"September 27, 2026 01:00:43PM",DELIVERED
78492496,F-3371451142,6986,gofood,,American Breakfast Club,Greenville,"Mushroom Omelette - Mushrooms, Spinach, Side Tater Tots",American Breakfast Omelettes,,1,,54400.00,,"September 27, 2026 01:00:43PM",DELIVERED
78487857,001007892885-C8JET3ABJ2UBAE,GF-998,GrabFood,,American Breakfast Club,Kemang,Cheese Omelette - Side Tater Tots,American Breakfast Omelettes,,1,,58000.00,,"September 27, 2026 12:20:11PM",DELIVERED
78487857,001007892885-C8JET3ABJ2UBAE,GF-998,GrabFood,,American Breakfast Club,Kemang,Cheese Omelette - Side Tater Tots,American Breakfast Omelettes,Chick Nugget,,1,,35000.00,"September 27, 2026 12:20:11PM",DELIVERED
78487686,001960965741-C8JET22HWFCACA,GF-258,GrabFood,,American Breakfast Club,Kemang,"Burrito - Mock Katsu, 2 Scrambled Eggs, Cheddar, Avocado, Tater Tots",American Breakfast Burritos,,1,,68000.00,,"September 27, 2026 12:18:38PM",DELIVERED
78487339,0016678985-C8JET2LEE8E2R2,GF-249,GrabFood,,American Breakfast Club,Kemang,"Mushroom Omelette - Mushrooms, Spinach, Side Tater Tots",American Breakfast Omelettes,,1,,68000.00,,"September 27, 2026 12:15:54PM",DELIVERED
78483549,F-3371315103,4825,gofood,,American Breakfast Club,Kemang,Cheese Omelette - Side Tater Tots,American Breakfast Omelettes,,1,,58000.00,,"September 27, 2026 11:43:56AM",DELIVERED
78483549,F-3371315103,4825,gofood,,American Breakfast Club,Kemang,Sandwich - 2 Scrambled Eggs melty cheddar cheese on a wavy brioche bun,American Breakfast Sandwiches,,1,,45000.00,,"September 27, 2026 11:43:56AM",DELIVERED
78482116,001450278315-C8JETPKBVRMVT2,GF-923,GrabFood,,People Pasta,Greenville,Vegan Chicken Crispy Burger,Meatless Burgers,,1,,49000.00,,"September 27, 2026 11:32:14AM",DELIVERED
78482116,001450278315-C8JETPKBVRMVT2,GF-923,GrabFood,,People Pasta,Greenville,Cacio e Pepe - Vegetarian - Plantbased,Signature Pasta,,1,,43000.00,,"September 27, 2026 11:32:14AM",DELIVERED
78482116,001450278315-C8JETPKBVRMVT2,GF-923,GrabFood,,People Pasta,Greenville,Cacio e Pepe - Vegetarian - Plantbased,Signature Pasta,Spaghetti,,1,,0.00,"September 27, 2026 11:32:14AM",DELIVERED
78482116,001450278315-C8JETPKBVRMVT2,GF-923,GrabFood,,People Pasta,Greenville,Bolognese - Vegan Friendly - Vegetarian - Plantbase,Signature Pasta,,1,,43000.00,,"September 27, 2026 11:32:14AM",DELIVERED
78482116,001450278315-C8JETPKBVRMVT2,GF-923,GrabFood,,People Pasta,Greenville,Bolognese - Vegan Friendly - Vegetarian - Plantbase,Signature Pasta,Spaghetti,,1,,0.00,"September 27, 2026 11:32:14AM",DELIVERED
78480161,001341090390-C8JETKD2AEM3GT,GF-369,GrabFood,,American Breakfast Club,Kemang,"Burrito - Mock Beef, 2 Scrambled Eggs, Cheddar, Avocado, Tater Tots,",American Breakfast Burritos,,1,,68000.00,,"September 27, 2026 11:14:49AM",DELIVERED
78479721,F-3371254178,5256,gofood,,American Breakfast Club,Kemang,"Egg burger - 2 Scrambled Eggs, Cheddar Cheese, Secret Sauce",American Breakfast Burger,,1,,45000.00,,"September 27, 2026 11:10:01AM",DELIVERED
78479721,F-3371254178,5256,gofood,,American Breakfast Club,Kemang,Cheese Omelette - Side Tater Tots,American Breakfast Omelettes,,1,,58000.00,,"September 27, 2026 11:10:01AM",DELIVERED
78479577,001131374251-C8JETJM2ERBVGE,GF-450,GrabFood,,American Breakfast Club,Greenville,"Burrito - 2 Scrambled Eggs, Cheddar, Avocado, Tater Tots",American Breakfast Burritos,,1,,58000.00,,"September 27, 2026 11:09:50AM",DELIVERED
78479541,F-3371251581,7761,gofood,,American Breakfast Club,Kemang,"Egg burger - 2 Scrambled Eggs, Cheddar Cheese, Secret Sauce",American Breakfast Burger,,1,,45000.00,,"September 27, 2026 11:08:33AM",DELIVERED
78479541,F-3371251581,7761,gofood,,American Breakfast Club,Kemang,Tater Tots With Truffle Oil,Sides,,1,,38000.00,,"September 27, 2026 11:08:33AM",DELIVERED
78479397,F-3371250858,7793,gofood,,American Breakfast Club,Kemang,"Egg burger - 2 Scrambled Eggs, Cheddar Cheese, Secret Sauce",American Breakfast Burger,,1,,45000.00,,"September 27, 2026 11:08:07AM",CANCELLED
78479397,F-3371250858,7793,gofood,,American Breakfast Club,Kemang,Tater Tots With Truffle Oil,Sides,,1,,38000.00,,"September 27, 2026 11:08:07AM",CANCELLED
78479379,001210467491-C8JETJAXVFVKFE,GF-861,GrabFood,,American Breakfast Club,Greenville,"2 Pancakes - Blueberries, Butter, Maple Syrup",American Breakfast Pancakes,,1,,58000.00,,"September 27, 2026 11:07:56AM",DELIVERED
78479379,001210467491-C8JETJAXVFVKFE,GF-861,GrabFood,,American Breakfast Club,Greenville,"2 Pancakes - Blueberries, Butter, Maple Syrup",American Breakfast Pancakes,Cutleries,,1,,1500.00,"September 27, 2026 11:07:56AM",DELIVERED
78479379,001210467491-C8JETJAXVFVKFE,GF-861,GrabFood,,American Breakfast Club,Greenville,"Sandwich - 2 Scrambled Eggs Mock Beef, Cheddar Cheese  on a wavy brioche bun",American Breakfast Sandwiches,,1,,58000.00,,"September 27, 2026 11:07:56AM",DELIVERED
78478974,001875799171-C8JETGB3NJEZFE,GF-079,GrabFood,,American Breakfast Club,Greenville,"2 Pancakes - Butter, Maple Syrup",American Breakfast Pancakes,,2,,48000.00,,"September 27, 2026 11:04:09AM",DELIVERED
78478974,001875799171-C8JETGB3NJEZFE,GF-079,GrabFood,,American Breakfast Club,Greenville,"2 Pancakes - Chocolate Chips, Butter, Maple Syrup",American Breakfast Pancakes,,1,,58000.00,,"September 27, 2026 11:04:09AM",DELIVERED
78478443,001123336409-C8JETFJFCXNZT2,GF-043,GrabFood,,American Breakfast Club,Kemang,"Burrito - Mock Chicken, 2 Scrambled Eggs, Cheddar, Avocado, Tater Tots",American Breakfast Burritos,,1,,68000.00,,"September 27, 2026 10:59:01AM",DELIVERED
78478443,001123336409-C8JETFJFCXNZT2,GF-043,GrabFood,,American Breakfast Club,Kemang,"Burrito - Mock Chicken, 2 Scrambled Eggs, Cheddar, Avocado, Tater Tots",American Breakfast Burritos,Tatter Tots,,1,,30000.00,"September 27, 2026 10:59:01AM",DELIVERED
78478161,001341670661-C8JETE4BVPKAWE,GF-674,GrabFood,,American Breakfast Club,Kemang,"Mushroom Omelette - Mushrooms, Spinach, Side Tater Tots",American Breakfast Omelettes,,1,,68000.00,,"September 27, 2026 10:55:53AM",DELIVERED
78477262,00134326101-C8JETCAWTTWTDE,GF-104,GrabFood,,Tyfel Coffee,Greenville,Spicy Olio,Main Course,,1,,50000.00,,"September 27, 2026 10:47:06AM",DELIVERED
78477262,00134326101-C8JETCAWTTWTDE,GF-104,GrabFood,,Tyfel Coffee,Greenville,Tyfel Rice,Main Course,,1,,55000.00,,"September 27, 2026 10:47:06AM",DELIVERED
78477259,00134326101-C8JETCAWTTWTDE,GF-521,GrabFood,,American Breakfast Club,Greenville,"Burrito - 2 Scrambled Eggs, Cheddar, Avocado, Tater Tots",American Breakfast Burritos,,1,,58000.00,,"September 27, 2026 10:47:06AM",DELIVERED
78475284,F-3371182668,1466,gofood,,American Breakfast Club,Kemang,Cheese Omelette - Side Tater Tots,American Breakfast Omelettes,,1,,58000.00,,"September 27, 2026 10:25:12AM",DELIVERED
78475284,F-3371182668,1466,gofood,,American Breakfast Club,Kemang,"Sandwich - 2 Scrambled Eggs, Mock Fish, Cheddar Cheese, Mix, Brioche Bun",American Breakfast Sandwiches,,1,,58000.00,,"September 27, 2026 10:25:12AM",DELIVERED
78473870,001028055675-C8JESBTHNZNBCA,GF-080,GrabFood,,American Breakfast Club,Greenville,"Burrito - 2 Scrambled Eggs, Cheddar, Avocado, Tater Tots",American Breakfast Burritos,,1,,58000.00,,"September 27, 2026 10:10:19AM",DELIVERED
78473870,001028055675-C8JESBTHNZNBCA,GF-080,GrabFood,,American Breakfast Club,Greenville,Cutleries,Cutleries,,1,,1000.00,,"September 27, 2026 10:10:19AM",DELIVERED
78473303,0010924536-C8JESANXNVNKTE,GF-749,GrabFood,,Tyfel Coffee,Greenville,Hydro Coco,Drinks,,1,,10000.00,,"September 27, 2026 10:03:53AM",DELIVERED
78473303,0010924536-C8JESANXNVNKTE,GF-749,GrabFood,,Tyfel Coffee,Greenville,Quesadilla,Lite Bites,,1,,45000.00,,"September 27, 2026 10:03:53AM",DELIVERED
78473303,0010924536-C8JESANXNVNKTE,GF-749,GrabFood,,Tyfel Coffee,Greenville,Tyfel Burritos - Vegan,Lite Bites,,1,,45000.00,,"September 27, 2026 10:03:53AM",DELIVERED
78472954,001480083082-C8JESAAFUE6TN6,GF-282,GrabFood,,American Breakfast Club,Kemang,"Burrito - Mock Beef, 2 Scrambled Eggs, Cheddar, Avocado, Tater Tots,",American Breakfast Burritos,,1,,68000.00,,"September 27, 2026 10:00:15AM",DELIVERED
78472954,001480083082-C8JESAAFUE6TN6,GF-282,GrabFood,,American Breakfast Club,Kemang,"Burrito - Mock Beef, 2 Scrambled Eggs, Cheddar, Avocado, Tater Tots,",American Breakfast Burritos,Home Fries,,1,,30000.00,"September 27, 2026 10:00:15AM",DELIVERED
78472204,F-3371135720,4647,gofood,,Herbox,Greenville,Paket 3 Rice Box Favorite (rica+lada hitam+kungpao),Combo Hemat Vegan,,1,,93600.00,,"September 27, 2026 09:48:48AM",DELIVERED
78471938,F-3371118229,7287,gofood,,American Breakfast Club,Greenville,"Burrito - Mock Beef, 2 Scrambled Eggs, Cheddar, Avocado, Tater Tots,",American Breakfast Burritos,,1,,54400.00,,"September 27, 2026 09:31:58AM",DELIVERED
78471800,0015496577-C8JER4NKAATXWA,GF-375,GrabFood,,American Breakfast Club,Kemang,"Burrito - 2 Scrambled Eggs, Cheddar, Avocado, Tater Tots",American Breakfast Burritos,,1,,58000.00,,"September 27, 2026 09:43:24AM",DELIVERED
78471800,0015496577-C8JER4NKAATXWA,GF-375,GrabFood,,American Breakfast Club,Kemang,"Burrito - 2 Scrambled Eggs, Cheddar, Avocado, Tater Tots",American Breakfast Burritos,Chick Nugget,,1,,35000.00,"September 27, 2026 09:43:24AM",DELIVERED
78471800,0015496577-C8JER4NKAATXWA,GF-375,GrabFood,,American Breakfast Club,Kemang,"Burrito - 2 Scrambled Eggs, Cheddar, Avocado, Tater Tots",American Breakfast Burritos,,1,,58000.00,,"September 27, 2026 09:43:24AM",DELIVERED
78471800,0015496577-C8JER4NKAATXWA,GF-375,GrabFood,,American Breakfast Club,Kemang,"Burrito - 2 Scrambled Eggs, Cheddar, Avocado, Tater Tots",American Breakfast Burritos,Cutleries,,1,,600.00,"September 27, 2026 09:43:24AM",DELIVERED
78471800,0015496577-C8JER4NKAATXWA,GF-375,GrabFood,,American Breakfast Club,Kemang,Home Fries,Sides,,1,,38000.00,,"September 27, 2026 09:43:24AM",DELIVERED
78471800,0015496577-C8JER4NKAATXWA,GF-375,GrabFood,,American Breakfast Club,Kemang,"Mushroom Omelette - Mushrooms, Spinach, Side Tater Tots",American Breakfast Omelettes,,1,,68000.00,,"September 27, 2026 09:43:24AM",DELIVERED
78469511,F-3371081093,2471,gofood,,American Breakfast Club,Greenville,"2 Pancakes - Blueberries, Butter, Maple Syrup",American Breakfast Pancakes,,1,,46400.00,,"September 27, 2026 08:52:43AM",DELIVERED
78469511,F-3371081093,2471,gofood,,American Breakfast Club,Greenville,Cheese Omelette - Side Tater Tots,American Breakfast Omelettes,,2,,46400.00,,"September 27, 2026 08:52:43AM",DELIVERED
78469374,001941316051-C8JERUT3G653R6,GF-382,GrabFood,,American Breakfast Club,Greenville,"Burrito - Mock Chicken, 2 Scrambled Eggs, Cheddar, Avocado, Tater Tots",American Breakfast Burritos,,1,,68000.00,,"September 27, 2026 09:03:49AM",DELIVERED
78468868,001388546503-C8JERTBDLRLDJ2,GF-116,GrabFood,,American Breakfast Club,Kemang,Cheese Omelette - Side Tater Tots,American Breakfast Omelettes,,1,,58000.00,,"September 27, 2026 08:53:55AM",DELIVERED
78468868,001388546503-C8JERTBDLRLDJ2,GF-116,GrabFood,,American Breakfast Club,Kemang,Cheese Omelette - Side Tater Tots,American Breakfast Omelettes,Tatter Tots,,1,,30000.00,"September 27, 2026 08:53:55AM",DELIVERED
78468748,00198668635-C8JERRCJAFAZFE,GF-984,GrabFood,,American Breakfast Club,Kemang,"Mushroom Omelette - Mushrooms, Spinach, Side Tater Tots",American Breakfast Omelettes,,1,,68000.00,,"September 27, 2026 08:50:57AM",DELIVERED
78468665,F-3371076644,5175,gofood,,American Breakfast Club,Kemang,Sandwich - 2 Scrambled Eggs melty cheddar cheese on a wavy brioche bun,American Breakfast Sandwiches,,1,,45000.00,,"September 27, 2026 08:46:52AM",DELIVERED
78468512,001743050474-C8JERPJCR8LEL6,GF-301,GrabFood,,American Breakfast Club,Greenville,"Burrito - Mock Chicken, 2 Scrambled Eggs, Cheddar, Avocado, Tater Tots",American Breakfast Burritos,,1,,68000.00,,"September 27, 2026 08:45:12AM",DELIVERED
78468185,F-3371069399,4495,gofood,,American Breakfast Club,Kemang,"Burrito - 2 Scrambled Eggs, Cheddar, Avocado, Tater Tots",American Breakfast Burritos,,1,,58000.00,,"September 27, 2026 08:37:15AM",DELIVERED
78468185,F-3371069399,4495,gofood,,American Breakfast Club,Kemang,"Burrito - 2 Scrambled Eggs, Cheddar, Avocado, Tater Tots",American Breakfast Burritos,Home Fries,,1,,30000.00,"September 27, 2026 08:37:15AM",DELIVERED
78468185,F-3371069399,4495,gofood,,American Breakfast Club,Kemang,"Burrito - Mock Chicken, 2 Scrambled Eggs, Cheddar, Avocado, Tater Tots",American Breakfast Burritos,,1,,68000.00,,"September 27, 2026 08:37:15AM",DELIVERED
78468016,F-3371066252,2373,gofood,,LA Breakfast Club,Greenville,Chocolate Chip Pancakes (2 Pcs),LA Breakfast Pancakes,,1,,74000.00,,"September 27, 2026 08:33:06AM",DELIVERED
78468016,F-3371066252,2373,gofood,,LA Breakfast Club,Greenville,Blueberry Pancakes (2 Pcs),LA Breakfast Pancakes,,1,,74000.00,,"September 27, 2026 08:33:06AM",DELIVERED
78467942,F-3371064907,2349,gofood,,American Breakfast Club,Greenville,"Burrito - Mock Fish, 2 Scrambled Eggs, Cheddar, Avocado, Tater Tots,",American Breakfast Burritos,,1,,54400.00,,"September 27, 2026 08:31:11AM",DELIVERED
78467773,001653526185-C8JERKB3G7UAC2,GF-318,GrabFood,,American Breakfast Club,Greenville,"Burrito - Mock Chicken, 2 Scrambled Eggs, Cheddar, Avocado, Tater Tots",American Breakfast Burritos,,1,,68000.00,,"September 27, 2026 08:27:29AM",DELIVERED
78467766,F-3371061756,5158,gofood,,American Breakfast Club,Kemang,Sandwich - 2 Scrambled Eggs melty cheddar cheese on a wavy brioche bun,American Breakfast Sandwiches,,1,,45000.00,,"September 27, 2026 08:26:49AM",DELIVERED
78467676,001709232843-C8JERJXJG8JJEJ,GF-491,GrabFood,,American Breakfast Club,Kemang,"Burrito - 2 Scrambled Eggs, Cheddar, Avocado, Tater Tots",American Breakfast Burritos,,1,,58000.00,,"September 27, 2026 08:24:58AM",DELIVERED
78467497,001644333056-C8JERGM3VNXBLX,GF-715,GrabFood,,American Breakfast Club,Kemang,"Burrito - Mock Chicken, 2 Scrambled Eggs, Cheddar, Avocado, Tater Tots",American Breakfast Burritos,,1,,68000.00,,"September 27, 2026 08:19:52AM",DELIVERED
78467497,001644333056-C8JERGM3VNXBLX,GF-715,GrabFood,,American Breakfast Club,Kemang,"Sandwich - 2 Scrambled Eggs, Mock Chicken, Cheddar Cheese Mix, Brioche Bun",American Breakfast Sandwiches,,1,,58000.00,,"September 27, 2026 08:19:52AM",DELIVERED
78467497,001644333056-C8JERGM3VNXBLX,GF-715,GrabFood,,American Breakfast Club,Kemang,"Burrito - 2 Scrambled Eggs, Cheddar, Avocado, Tater Tots",American Breakfast Burritos,,1,,58000.00,,"September 27, 2026 08:19:52AM",DELIVERED
78467497,001644333056-C8JERGM3VNXBLX,GF-715,GrabFood,,American Breakfast Club,Kemang,Sandwich - 2 Scrambled Eggs melty cheddar cheese on a wavy brioche bun,American Breakfast Sandwiches,,1,,45000.00,,"September 27, 2026 08:19:52AM",DELIVERED
78467497,001644333056-C8JERGM3VNXBLX,GF-715,GrabFood,,American Breakfast Club,Kemang,Tater Tots,Sides,,2,,38000.00,,"September 27, 2026 08:19:52AM",DELIVERED
78466786,00136311568-C8JERBWDT6JDJE,GF-925,GrabFood,,American Breakfast Club,Greenville,"Burrito - Mock Chicken, 2 Scrambled Eggs, Cheddar, Avocado, Tater Tots",American Breakfast Burritos,,1,,68000.00,,"September 27, 2026 07:57:54AM",DELIVERED
78466493,F-3371036092,1518,gofood,,Tyfel Coffee,Kemang,Breakfast Burrito,Breakfast Burritos,,1,,58000.00,,"September 27, 2026 07:47:20AM",DELIVERED
78466419,0017493634-C8JEPGJYHEWTJE,GF-424,GrabFood,,American Breakfast Club,Kemang,"Mushroom Omelette - Mushrooms, Spinach, Side Tater Tots",American Breakfast Omelettes,,1,,68000.00,,"September 27, 2026 07:45:27AM",DELIVERED
78466419,0017493634-C8JEPGJYHEWTJE,GF-424,GrabFood,,American Breakfast Club,Kemang,"Mushroom Omelette - Mushrooms, Spinach, Side Tater Tots",American Breakfast Omelettes,Cutleries,,1,,600.00,"September 27, 2026 07:45:27AM",DELIVERED
78466419,0017493634-C8JEPGJYHEWTJE,GF-424,GrabFood,,American Breakfast Club,Kemang,"Mushroom Omelette - Mushrooms, Spinach, Side Tater Tots",American Breakfast Omelettes,Mineral Water,,1,,10000.00,"September 27, 2026 07:45:27AM",DELIVERED
78466419,0017493634-C8JEPGJYHEWTJE,GF-424,GrabFood,,American Breakfast Club,Kemang,"Mushroom Omelette - Mushrooms, Spinach, Side Tater Tots",American Breakfast Omelettes,Truffle Tater Tots,,1,,40000.00,"September 27, 2026 07:45:27AM",DELIVERED
78466378,F-3371028118,6127,gofood,,American Breakfast Club,Kemang,"Original Egg burger - Patties, 2 Scrambled Eggs, Cheddar Cheese, Secret Sauce",American Breakfast Burger,,4,,58000.00,,"September 27, 2026 07:32:50AM",DELIVERED
78466369,001720560803-C8JEPF6HEEBTJ2,GF-910,GrabFood,,American Breakfast Club,Kemang,"Burrito - 2 Scrambled Eggs, Cheddar, Avocado, Tater Tots",American Breakfast Burritos,,4,,58000.00,,"September 27, 2026 07:43:17AM",DELIVERED
78466369,001720560803-C8JEPF6HEEBTJ2,GF-910,GrabFood,,American Breakfast Club,Kemang,"Mushroom Omelette - Mushrooms, Spinach, Side Tater Tots",American Breakfast Omelettes,,1,,68000.00,,"September 27, 2026 07:43:17AM",DELIVERED
78466347,001332826477-C8JEPF23VTVJV6,GF-826,GrabFood,,American Breakfast Club,Greenville,"Burrito - 2 Scrambled Eggs, Cheddar, Avocado, Tater Tots",American Breakfast Burritos,,1,,58000.00,,"September 27, 2026 07:42:15AM",DELIVERED
78466115,001484741589-C8JEPEMKVBCGLE,GF-694,GrabFood,,American Breakfast Club,Greenville,"2 Pancakes - Blueberries, Butter, Maple Syrup",American Breakfast Pancakes,,1,,58000.00,,"September 27, 2026 07:32:59AM",DELIVERED
78466115,001484741589-C8JEPEMKVBCGLE,GF-694,GrabFood,,American Breakfast Club,Greenville,"Burrito - 2 Scrambled Eggs, Cheddar, Avocado, Tater Tots",American Breakfast Burritos,,1,,58000.00,,"September 27, 2026 07:32:59AM",DELIVERED
78465993,F-3371025508,6634,gofood,,American Breakfast Club,Kemang,"Egg burger - 2 Scrambled Eggs, Cheddar Cheese, Secret Sauce",American Breakfast Burger,,1,,45000.00,,"September 27, 2026 07:27:54AM",DELIVERED
78465993,F-3371025508,6634,gofood,,American Breakfast Club,Kemang,"Egg burger - 2 Scrambled Eggs, Cheddar Cheese, Secret Sauce",American Breakfast Burger,Tatter Tots,,1,,30000.00,"September 27, 2026 07:27:54AM",DELIVERED
78465867,00106154192-C8JEPBNYTNCXGT,GF-691,GrabFood,,American Breakfast Club,Greenville,"Burrito - 2 Scrambled Eggs, Cheddar, Avocado, Tater Tots",American Breakfast Burritos,,1,,58000.00,,"September 27, 2026 07:23:27AM",DELIVERED
78465867,00106154192-C8JEPBNYTNCXGT,GF-691,GrabFood,,American Breakfast Club,Greenville,"Burrito - 2 Scrambled Eggs, Cheddar, Avocado, Tater Tots",American Breakfast Burritos,Cutleries,,1,,1500.00,"September 27, 2026 07:23:27AM",DELIVERED
78465142,001911653709-C8JEN26UETEZV2,GF-627,GrabFood,,American Breakfast Club,Greenville,"Burrito - Mock Beef, 2 Scrambled Eggs, Cheddar, Avocado, Tater Tots,",American Breakfast Burritos,,1,,68000.00,,"September 27, 2026 06:46:42AM",DELIVERED
78465142,001911653709-C8JEN26UETEZV2,GF-627,GrabFood,,American Breakfast Club,Greenville,"Burrito - Mock Beef, 2 Scrambled Eggs, Cheddar, Avocado, Tater Tots,",American Breakfast Burritos,Tatter Tots,,1,,30000.00,"September 27, 2026 06:46:42AM",DELIVERED
78465009,00148737329-C8JENZCACLKGSE,GF-474,GrabFood,,American Breakfast Club,Greenville,Sandwich - 2 Scrambled Eggs melty cheddar cheese on a wavy brioche bun,American Breakfast Sandwiches,,1,,45000.00,,"September 27, 2026 06:37:47AM",DELIVERED
78465009,00148737329-C8JENZCACLKGSE,GF-474,GrabFood,,American Breakfast Club,Greenville,"Sandwich - 2 Scrambled Eggs Mock Beef, Cheddar Cheese  on a wavy brioche bun",American Breakfast Sandwiches,,2,,58000.00,,"September 27, 2026 06:37:47AM",DELIVERED
78464939,001904321944-C8JENYTVGVEFAA,GF-568,GrabFood,,Herbox,Greenville,Original Burger Vegan,Vegan Burger,,1,,59000.00,,"September 27, 2026 06:33:42AM",DELIVERED
78464939,001904321944-C8JENYTVGVEFAA,GF-568,GrabFood,,Herbox,Greenville,Tater tots,Sides,,1,,30000.00,,"September 27, 2026 06:33:42AM",DELIVERED
78464761,001506060041-C8JENVDKRXWJCX,GF-961,GrabFood,,Herbox,Greenville,Original Burger Vegan,Vegan Burger,,1,,59000.00,,"September 27, 2026 06:21:19AM",CANCELLED
78464761,001506060041-C8JENVDKRXWJCX,GF-961,GrabFood,,Herbox,Greenville,Tater tots,Sides,,1,,30000.00,,"September 27, 2026 06:21:19AM",CANCELLED
