Laporan Absensi,,,,,,,Tyfel Coffee
,,,,,,,Semua Outlet
,,,,,,,
Periode,01 Agustus 2026 - 30 September 2026,,,,,,
Zona Waktu,Asia/Jakarta (GMT +7),,,,,,
Status,Semua,,,,,,
Pencarian,,,,,,,
,,,,,,,
,,,,,,,Date Generated 26/09/2026 - 14:52 WIB
,,,,,,,
Tanggal,Nama,Outlet,Jam Masuk,Jam Pulang,Total Jam Kerja Aktual,Status,Catatan
2026-09-26,Fauzi,Tyfel Coffee,07:46,-,-,,
2026-09-26,Aji,Tyfel Coffee,07:08,-,-,,
2026-09-26,Icin,Tyfel Coffee,06:31,-,-,,
2026-09-26,Budi,Tyfel Coffee,05:55,-,-,,
2026-09-26,Agus,Tyfel Coffee,05:53,-,-,,
2026-09-25,Aji,Tyfel Coffee,07:28,20:37,13 Jam 9 Menit 14 Detik,,
2026-09-25,Fauzi,Tyfel Coffee,07:17,20:51,13 Jam 34 Menit 28 Detik,,
2026-09-25,Icin,Tyfel Coffee,06:26,20:59,14 Jam 33 Menit 19 Detik,,
2026-09-25,Agus,Tyfel Coffee,05:55,20:59,15 Jam 3 Menit 59 Detik,,
2026-09-25,Budi,Tyfel Coffee,05:52,16:01,10 Jam 9 Menit 43 Detik,,
2026-09-24,Aji,Tyfel Coffee,07:43,20:00,12 Jam 16 Menit 38 Detik,,
2026-09-24,Icin,Tyfel Coffee,06:31,20:50,14 Jam 19 Menit 6 Detik,,
2026-09-24,Agus,Tyfel Coffee,05:51,20:57,15 Jam 5 Menit 31 Detik,,
2026-09-24,Budi,Tyfel Coffee,05:50,12:03,6 Jam 13 Menit 3 Detik,,
2026-09-23,Aji,Tyfel Coffee,07:32,20:21,12 Jam 49 Menit 14 Detik,,
2026-09-23,Fauzi,Tyfel Coffee,07:18,20:41,13 Jam 23 Menit 5 Detik,,
2026-09-23,Icin,Tyfel Coffee,06:20,20:59,14 Jam 39 Menit 20 Detik,,
2026-09-23,Agus,Tyfel Coffee,05:47,20:52,15 Jam 5 Menit 17 Detik,,
2026-09-23,Budi,Tyfel Coffee,05:40,16:12,10 Jam 32 Menit 2 Detik,,
2026-09-22,Fauzi,Tyfel Coffee,07:33,21:00,13 Jam 26 Menit 51 Detik,,
2026-09-22,Icin,Tyfel Coffee,06:37,21:34,14 Jam 56 Menit 56 Detik,,
2026-09-22,Agus,Tyfel Coffee,05:58,20:58,14 Jam 59 Menit 54 Detik,,
2026-09-22,Budi,Tyfel Coffee,05:51,16:11,10 Jam 19 Menit 55 Detik,,
2026-09-21,Aji,Tyfel Coffee,07:35,20:22,12 Jam 47 Menit 32 Detik,,
2026-09-21,Fauzi,Tyfel Coffee,07:26,20:45,13 Jam 18 Menit 52 Detik,,
2026-09-21,Icin,Tyfel Coffee,06:33,23:00,16 Jam 27 Menit 46 Detik,,
2026-09-21,Budi,Tyfel Coffee,05:54,12:08,6 Jam 13 Menit 31 Detik,,
2026-09-21,Agus,Tyfel Coffee,05:46,20:49,15 Jam 2 Menit 53 Detik,,
2026-09-20,Fauzi,Tyfel Coffee,07:09,20:40,13 Jam 30 Menit 56 Detik,,
2026-09-20,Aji,Tyfel Coffee,06:33,07:34,25 Jam 1 Menit 8 Detik,,
2026-09-20,Budi,Tyfel Coffee,06:00,16:04,10 Jam 3 Menit 22 Detik,,
2026-09-20,Agus,Tyfel Coffee,05:54,20:44,14 Jam 50 Menit 11 Detik,,
2026-09-19,Fauzi,Tyfel Coffee,07:31,21:04,13 Jam 33 Menit 13 Detik,,
2026-09-19,Aji,Tyfel Coffee,07:00,21:03,14 Jam 2 Menit 47 Detik,,
2026-09-19,Budi,Tyfel Coffee,06:00,16:06,10 Jam 6 Menit 9 Detik,,
2026-09-19,Agus,Tyfel Coffee,05:52,21:04,15 Jam 11 Menit 26 Detik,,
2026-09-18,Aji,Tyfel Coffee,07:36,20:01,12 Jam 25 Menit 16 Detik,,
2026-09-18,Fauzi,Tyfel Coffee,07:15,21:04,13 Jam 49 Menit 2 Detik,,
2026-09-18,Agus,Tyfel Coffee,05:50,21:07,15 Jam 17 Menit 11 Detik,,
2026-09-18,Budi,Tyfel Coffee,05:43,06:00,24 Jam 16 Menit 50 Detik,,
2026-09-17,Aji,Tyfel Coffee,07:53,20:07,12 Jam 13 Menit 56 Detik,,
2026-09-17,Icin,Tyfel Coffee,06:38,22:32,15 Jam 54 Menit 3 Detik,,
2026-09-17,Budi,Tyfel Coffee,06:00,16:50,10 Jam 50 Menit 15 Detik,,
2026-09-17,Agus,Tyfel Coffee,05:54,20:40,14 Jam 45 Menit 21 Detik,,
2026-09-16,Aji,Tyfel Coffee,07:39,20:04,12 Jam 25 Menit 29 Detik,,
2026-09-16,Fauzi,Tyfel Coffee,07:02,20:44,13 Jam 42 Menit 12 Detik,,
2026-09-16,Icin,Tyfel Coffee,06:21,20:58,14 Jam 36 Menit 58 Detik,,
2026-09-16,Agus,Tyfel Coffee,05:58,20:50,14 Jam 52 Menit 20 Detik,,
2026-09-16,Budi,Tyfel Coffee,05:49,16:03,10 Jam 13 Menit 59 Detik,,
2026-09-15,Aji,Tyfel Coffee,07:30,20:02,12 Jam 31 Menit 48 Detik,,
2026-09-15,Fauzi,Tyfel Coffee,07:28,20:41,13 Jam 13 Menit 8 Detik,,
2026-09-15,Icin,Tyfel Coffee,06:58,21:13,14 Jam 14 Menit 29 Detik,,
2026-09-15,Budi,Tyfel Coffee,05:50,16:02,10 Jam 11 Menit 45 Detik,,
2026-09-15,Agus,Tyfel Coffee,05:48,20:51,15 Jam 2 Menit 38 Detik,,
2026-09-14,Fauzi,Tyfel Coffee,07:22,20:42,13 Jam 19 Menit 35 Detik,,
2026-09-14,Icin,Tyfel Coffee,06:46,20:50,14 Jam 4 Menit 6 Detik,,
2026-09-14,Aji,Tyfel Coffee,06:09,20:18,14 Jam 9 Menit 11 Detik,,
2026-09-14,Agus,Tyfel Coffee,05:49,20:51,15 Jam 2 Menit 29 Detik,,
2026-09-14,Budi,Tyfel Coffee,05:33,05:50,24 Jam 17 Menit 27 Detik,,
2026-09-13,Aji,Tyfel Coffee,06:37,20:02,13 Jam 24 Menit 19 Detik,,
2026-09-13,Icin,Tyfel Coffee,06:27,20:58,14 Jam 30 Menit 19 Detik,,
2026-09-13,Agus,Tyfel Coffee,05:57,20:56,14 Jam 58 Menit 49 Detik,,
2026-09-13,Budi,Tyfel Coffee,05:48,16:09,10 Jam 20 Menit 27 Detik,,
2026-09-12,Fauzi,Tyfel Coffee,07:21,20:01,12 Jam 40 Menit 11 Detik,,
2026-09-12,Icin,Tyfel Coffee,07:11,21:15,14 Jam 3 Menit 52 Detik,,
2026-09-12,Aji,Tyfel Coffee,06:51,20:02,13 Jam 10 Menit 32 Detik,,
2026-09-12,Agus,Tyfel Coffee,05:44,20:58,15 Jam 14 Menit 28 Detik,,
2026-09-12,Budi,Tyfel Coffee,05:01,12:10,7 Jam 8 Menit 21 Detik,,
2026-09-11,Fauzi,Tyfel Coffee,07:46,20:41,12 Jam 55 Menit 20 Detik,,
2026-09-11,Aji,Tyfel Coffee,07:20,20:09,12 Jam 49 Menit 17 Detik,,
2026-09-11,Icin,Tyfel Coffee,06:01,21:12,15 Jam 10 Menit 43 Detik,,
2026-09-11,Agus,Tyfel Coffee,05:45,20:55,15 Jam 9 Menit 50 Detik,,
2026-09-11,Budi,Tyfel Coffee,05:44,05:01,23 Jam 16 Menit 49 Detik,,
2026-09-10,Aji,Tyfel Coffee,07:20,20:01,12 Jam 40 Menit 56 Detik,,
2026-09-10,Fauzi,Tyfel Coffee,07:03,20:44,13 Jam 41 Menit 29 Detik,,
2026-09-10,Icin,Tyfel Coffee,06:23,05:56,23 Jam 32 Menit 58 Detik,,
2026-09-10,Agus,Tyfel Coffee,06:03,20:54,14 Jam 50 Menit 52 Detik,,
2026-09-10,Budi,Tyfel Coffee,05:48,16:00,10 Jam 11 Menit 42 Detik,,
2026-09-09,Aji,Tyfel Coffee,07:32,20:00,12 Jam 27 Menit 40 Detik,,
2026-09-09,Fauzi,Tyfel Coffee,07:23,20:41,13 Jam 17 Menit 45 Detik,,
2026-09-09,Budi,Tyfel Coffee,05:54,12:05,6 Jam 11 Menit 28 Detik,,
2026-09-09,Agus,Tyfel Coffee,05:53,20:59,15 Jam 6 Menit 22 Detik,,
2026-09-08,Fauzi,Tyfel Coffee,07:12,20:46,13 Jam 34 Menit 16 Detik,,
2026-09-08,Agus,Tyfel Coffee,05:57,21:07,15 Jam 9 Menit 33 Detik,,
2026-09-08,Icin,Tyfel Coffee,05:55,21:02,15 Jam 6 Menit 32 Detik,,
2026-09-08,Budi,Tyfel Coffee,05:50,19:13,13 Jam 23 Menit 2 Detik,,
2026-09-07,Emanuel,Tyfel Coffee,07:35,17:30,9 Jam 55 Menit 32 Detik,,
2026-09-07,Fauzi,Tyfel Coffee,07:27,20:03,12 Jam 36 Menit 21 Detik,,
2026-09-07,Aji,Tyfel Coffee,06:36,20:03,13 Jam 27 Menit 17 Detik,,
2026-09-07,Icin,Tyfel Coffee,06:15,21:24,15 Jam 9 Menit 31 Detik,,
2026-09-07,Budi,Tyfel Coffee,05:58,13:14,7 Jam 15 Menit 43 Detik,,
2026-09-06,Budi,Tyfel Coffee,16:01,16:01,7 Detik,,
2026-09-06,Aji,Tyfel Coffee,12:57,21:00,8 Jam 3 Menit 25 Detik,,
2026-09-06,Emanuel,Tyfel Coffee,07:50,17:39,9 Jam 48 Menit 39 Detik,,
2026-09-06,Fauzi,Tyfel Coffee,06:55,20:30,13 Jam 35 Menit 33 Detik,,
2026-09-06,Icin,Tyfel Coffee,06:10,21:20,15 Jam 9 Menit 28 Detik,,
2026-09-05,Emanuel,Tyfel Coffee,07:39,17:44,10 Jam 4 Menit 53 Detik,,
2026-09-05,Fauzi,Tyfel Coffee,06:29,20:41,14 Jam 11 Menit 46 Detik,,
2026-09-05,Aji,Tyfel Coffee,06:21,20:00,13 Jam 38 Menit 27 Detik,,
2026-09-05,Icin,Tyfel Coffee,06:11,23:11,16 Jam 59 Menit 54 Detik,,
2026-09-05,Budi,Tyfel Coffee,05:54,16:01,34 Jam 6 Menit 39 Detik,,
2026-09-04,Emanuel,Tyfel Coffee,07:38,17:38,9 Jam 59 Menit 55 Detik,,
2026-09-04,Fauzi,Tyfel Coffee,07:03,20:38,13 Jam 35 Menit 47 Detik,,
2026-09-04,Aji,Tyfel Coffee,06:56,20:14,13 Jam 18 Menit 6 Detik,,
2026-09-04,Icin,Tyfel Coffee,06:55,20:58,14 Jam 3 Menit 22 Detik,,
2026-09-04,Budi,Tyfel Coffee,05:45,16:03,10 Jam 17 Menit 53 Detik,,
2026-09-03,Emanuel,Tyfel Coffee,07:46,17:35,9 Jam 48 Menit 42 Detik,,
2026-09-03,Aji,Tyfel Coffee,07:10,20:36,13 Jam 25 Menit 33 Detik,,
2026-09-03,Fauzi,Tyfel Coffee,07:05,20:24,13 Jam 19 Menit 37 Detik,,
2026-09-03,Icin,Tyfel Coffee,06:38,21:01,14 Jam 22 Menit 53 Detik,,
2026-09-03,Budi,Tyfel Coffee,05:47,16:02,10 Jam 14 Menit 35 Detik,,
2026-09-02,Emanuel,Tyfel Coffee,07:36,17:35,9 Jam 58 Menit 43 Detik,,
2026-09-02,Fauzi,Tyfel Coffee,07:36,20:41,13 Jam 5 Menit 3 Detik,,
2026-09-02,Icin,Tyfel Coffee,07:27,21:07,13 Jam 39 Menit 52 Detik,,
2026-09-02,Aji,Tyfel Coffee,07:12,20:44,13 Jam 31 Menit 38 Detik,,
2026-09-02,Budi,Tyfel Coffee,05:42,16:06,10 Jam 24 Menit 22 Detik,,
2026-09-01,Fauzi,Tyfel Coffee,07:00,20:40,13 Jam 40 Menit 45 Detik,,
2026-09-01,Icin,Tyfel Coffee,06:26,21:08,14 Jam 42 Menit 29 Detik,,
2026-09-01,Budi,Tyfel Coffee,05:48,16:10,10 Jam 21 Menit 39 Detik,,
2026-08-31,Dewi,Tyfel Coffee,08:41,20:37,11 Jam 55 Menit 14 Detik,,
2026-08-31,Hanifa,Tyfel Coffee,08:00,19:37,11 Jam 37 Menit 38 Detik,,
2026-08-31,Emanuel,Tyfel Coffee,07:49,17:35,9 Jam 46 Menit 8 Detik,,
2026-08-31,Fauzi,Tyfel Coffee,07:19,20:54,13 Jam 35 Menit 5 Detik,,
2026-08-31,Aji,Tyfel Coffee,07:03,20:28,13 Jam 24 Menit 27 Detik,,
2026-08-31,Icin,Tyfel Coffee,06:54,21:48,14 Jam 53 Menit 59 Detik,,
2026-08-31,Agus,Tyfel Coffee,05:47,20:48,15 Jam 1 Menit 6 Detik,,
2026-08-30,Hanifa,Tyfel Coffee,07:56,19:39,11 Jam 43 Menit 17 Detik,,
2026-08-30,Dewi,Tyfel Coffee,07:52,08:41,24 Jam 49 Menit 30 Detik,,
2026-08-30,Fauzi,Tyfel Coffee,07:19,20:41,13 Jam 21 Menit 56 Detik,,
2026-08-30,Aji,Tyfel Coffee,06:59,20:30,13 Jam 30 Menit 49 Detik,,
2026-08-30,Icin,Tyfel Coffee,06:57,20:56,13 Jam 58 Menit 35 Detik,,
2026-08-30,Budi,Tyfel Coffee,06:18,16:25,10 Jam 7 Menit 3 Detik,,
2026-08-30,Agus,Tyfel Coffee,05:49,20:57,15 Jam 7 Menit 56 Detik,,
2026-08-29,Dewi,Tyfel Coffee,07:55,19:37,11 Jam 42 Menit 28 Detik,,
2026-08-29,Hanifa,Tyfel Coffee,07:54,19:34,11 Jam 40 Menit 16 Detik,,
2026-08-29,Fauzi,Tyfel Coffee,07:38,20:46,13 Jam 7 Menit 15 Detik,,
2026-08-29,Aji,Tyfel Coffee,07:34,20:59,13 Jam 25 Menit 1 Detik,,
2026-08-29,Icin,Tyfel Coffee,07:05,21:00,13 Jam 55 Menit 27 Detik,,
2026-08-29,Agus,Tyfel Coffee,05:49,20:54,15 Jam 4 Menit 44 Detik,,
2026-08-28,Hanifa,Tyfel Coffee,08:54,20:49,11 Jam 54 Menit 54 Detik,,
2026-08-28,Fauzi,Tyfel Coffee,07:27,20:42,13 Jam 14 Menit 34 Detik,,
2026-08-28,Icin,Tyfel Coffee,07:09,20:59,13 Jam 49 Menit 29 Detik,,
2026-08-28,Aji,Tyfel Coffee,07:09,20:24,13 Jam 15 Menit 40 Detik,,
2026-08-28,Agus,Tyfel Coffee,05:50,20:50,14 Jam 59 Menit 36 Detik,,
2026-08-28,Budi,Tyfel Coffee,05:48,16:09,10 Jam 20 Menit 25 Detik,,
2026-08-27,Hanifa,Tyfel Coffee,07:58,19:33,11 Jam 35 Menit 29 Detik,,
2026-08-27,Emanuel,Tyfel Coffee,07:55,17:30,9 Jam 35 Menit 31 Detik,,
2026-08-27,Dewi,Tyfel Coffee,07:44,19:46,12 Jam 1 Menit 28 Detik,,
2026-08-27,Icin,Tyfel Coffee,07:04,20:52,13 Jam 47 Menit 50 Detik,,
2026-08-27,Aji,Tyfel Coffee,07:03,20:16,13 Jam 12 Menit 56 Detik,,
2026-08-27,Agus,Tyfel Coffee,05:46,20:50,15 Jam 4 Menit 9 Detik,,
2026-08-27,Budi,Tyfel Coffee,05:37,16:02,10 Jam 25 Menit 7 Detik,,
2026-08-26,Hanifa,Tyfel Coffee,07:59,19:30,11 Jam 31 Menit 33 Detik,,
2026-08-26,Emanuel,Tyfel Coffee,07:52,17:36,9 Jam 44 Menit 26 Detik,,
2026-08-26,Dewi,Tyfel Coffee,07:50,19:41,11 Jam 50 Menit 47 Detik,,
2026-08-26,Fauzi,Tyfel Coffee,07:13,20:45,13 Jam 31 Menit 50 Detik,,
2026-08-26,Aji,Tyfel Coffee,07:11,20:23,13 Jam 11 Menit 44 Detik,,
2026-08-26,Icin,Tyfel Coffee,07:06,20:56,13 Jam 50 Menit,,
2026-08-26,Agus,Tyfel Coffee,05:54,20:52,14 Jam 58 Menit 23 Detik,,
2026-08-26,Budi,Tyfel Coffee,05:39,12:12,6 Jam 33 Menit 24 Detik,,
2026-08-25,Budi,Tyfel Coffee,16:17,16:17,9 Detik,,
2026-08-25,Hanifa,Tyfel Coffee,07:56,19:30,11 Jam 33 Menit 51 Detik,,
2026-08-25,Emanuel,Tyfel Coffee,07:50,17:32,9 Jam 42 Menit 28 Detik,,
2026-08-25,Dewi,Tyfel Coffee,07:42,19:39,11 Jam 57 Menit 24 Detik,,
2026-08-25,Fauzi,Tyfel Coffee,07:21,20:45,13 Jam 24 Menit 18 Detik,,
2026-08-25,Icin,Tyfel Coffee,06:38,21:04,14 Jam 25 Menit 33 Detik,,
2026-08-25,Aji,Tyfel Coffee,06:37,20:45,14 Jam 8 Menit 28 Detik,,
2026-08-25,Agus,Tyfel Coffee,05:56,20:48,14 Jam 51 Menit 55 Detik,,
2026-08-24,Hanifa,Tyfel Coffee,07:55,19:30,11 Jam 34 Menit 22 Detik,,
2026-08-24,Aji,Tyfel Coffee,07:51,21:06,13 Jam 14 Menit 56 Detik,,
2026-08-24,Dewi,Tyfel Coffee,07:48,19:39,11 Jam 50 Menit 50 Detik,,
2026-08-24,Fauzi,Tyfel Coffee,07:26,20:44,13 Jam 18 Menit 21 Detik,,
2026-08-24,Icin,Tyfel Coffee,07:02,20:57,13 Jam 55 Menit 14 Detik,,
2026-08-24,Budi,Tyfel Coffee,05:58,12:13,6 Jam 15 Menit 5 Detik,,
2026-08-24,Agus,Tyfel Coffee,05:57,20:54,14 Jam 56 Menit 59 Detik,,
2026-08-23,Agus,Tyfel Coffee,20:38,20:38,8 Detik,,
2026-08-23,Dewi,Tyfel Coffee,07:57,19:39,11 Jam 42 Menit 17 Detik,,
2026-08-23,Hanifa,Tyfel Coffee,07:56,19:38,11 Jam 41 Menit 59 Detik,,
2026-08-23,Emanuel,Tyfel Coffee,07:55,17:34,9 Jam 39 Menit 31 Detik,,
2026-08-23,Fauzi,Tyfel Coffee,07:38,20:37,12 Jam 59 Menit 9 Detik,,
2026-08-23,Icin,Tyfel Coffee,06:21,21:00,14 Jam 38 Menit 26 Detik,,
2026-08-23,Aji,Tyfel Coffee,06:21,20:10,13 Jam 49 Menit 34 Detik,,
2026-08-23,Budi,Tyfel Coffee,05:54,16:00,10 Jam 5 Menit 10 Detik,,
2026-08-22,Hanifa,Tyfel Coffee,07:55,19:37,11 Jam 41 Menit 5 Detik,,
2026-08-22,Dewi,Tyfel Coffee,07:50,19:40,11 Jam 49 Menit 43 Detik,,
2026-08-22,Emanuel,Tyfel Coffee,07:50,17:31,9 Jam 40 Menit 47 Detik,,
2026-08-22,Aji,Tyfel Coffee,07:33,20:33,12 Jam 59 Menit 34 Detik,,
2026-08-22,Icin,Tyfel Coffee,07:23,20:43,13 Jam 20 Menit 26 Detik,,
2026-08-22,Fauzi,Tyfel Coffee,07:17,20:40,13 Jam 22 Menit 28 Detik,,
2026-08-22,Agus,Tyfel Coffee,06:03,20:41,14 Jam 37 Menit 37 Detik,,
2026-08-22,Budi,Tyfel Coffee,05:55,16:00,10 Jam 4 Menit 28 Detik,,
2026-08-21,Hanifa,Tyfel Coffee,07:59,19:35,11 Jam 35 Menit 16 Detik,,
2026-08-21,Dewi,Tyfel Coffee,07:52,19:36,11 Jam 43 Menit 19 Detik,,
2026-08-21,Fauzi,Tyfel Coffee,07:47,20:44,12 Jam 56 Menit 23 Detik,,
2026-08-21,Emanuel,Tyfel Coffee,07:44,17:33,9 Jam 48 Menit 59 Detik,,
2026-08-21,Aji,Tyfel Coffee,07:22,20:46,13 Jam 23 Menit 47 Detik,,
2026-08-21,Icin,Tyfel Coffee,06:55,20:49,13 Jam 53 Menit 42 Detik,,
2026-08-21,Agus,Tyfel Coffee,06:00,21:00,14 Jam 59 Menit 59 Detik,,
2026-08-21,Budi,Tyfel Coffee,05:43,16:08,10 Jam 24 Menit 44 Detik,,
2026-08-20,Hanifa,Tyfel Coffee,08:00,07:59,23 Jam 58 Menit 53 Detik,,
2026-08-20,Aji,Tyfel Coffee,07:20,20:36,13 Jam 16 Menit 38 Detik,,
2026-08-20,Agus,Tyfel Coffee,06:00,21:01,15 Jam 1 Menit 5 Detik,,
2026-08-20,Budi,Tyfel Coffee,05:46,16:19,10 Jam 33 Menit 15 Detik,,
2026-08-19,Agus,Tyfel Coffee,21:40,21:40,8 Detik,,
2026-08-19,Hanifa,Tyfel Coffee,07:57,21:39,13 Jam 41 Menit 56 Detik,,
2026-08-19,Dewi,Tyfel Coffee,07:52,21:39,13 Jam 46 Menit 59 Detik,,
2026-08-19,Fauzi,Tyfel Coffee,07:46,21:38,13 Jam 51 Menit 23 Detik,,
2026-08-19,Aji,Tyfel Coffee,07:16,19:46,12 Jam 29 Menit 29 Detik,,
2026-08-19,Emanuel,Tyfel Coffee,06:52,17:33,10 Jam 41 Menit 16 Detik,,
2026-08-19,Budi,Tyfel Coffee,05:42,16:08,10 Jam 25 Menit 55 Detik,,
2026-08-18,Fauzi,Tyfel Coffee,07:48,20:53,13 Jam 5 Menit 24 Detik,,
2026-08-18,Dewi,Tyfel Coffee,07:47,19:50,12 Jam 2 Menit 36 Detik,,
2026-08-18,Emanuel,Tyfel Coffee,07:34,17:31,9 Jam 57 Menit,,
2026-08-18,Agus,Tyfel Coffee,06:01,20:59,14 Jam 57 Menit 55 Detik,,
2026-08-18,Budi,Tyfel Coffee,05:52,05:42,23 Jam 49 Menit 34 Detik,,
2026-08-17,Agus,Tyfel Coffee,20:49,20:49,14 Detik,,
2026-08-17,Budi,Tyfel Coffee,16:04,16:04,8 Detik,,
2026-08-17,Hanifa,Tyfel Coffee,07:59,19:35,11 Jam 36 Menit 39 Detik,,
2026-08-17,Dewi,Tyfel Coffee,07:58,19:46,11 Jam 48 Menit 25 Detik,,
2026-08-17,Emanuel,Tyfel Coffee,07:53,17:35,9 Jam 42 Menit 1 Detik,,
2026-08-17,Fauzi,Tyfel Coffee,07:38,20:15,12 Jam 37 Menit 12 Detik,,
2026-08-17,Aji,Tyfel Coffee,07:02,20:03,13 Jam 58 Detik,,
2026-08-17,Icin,Tyfel Coffee,07:00,21:00,13 Jam 59 Menit 59 Detik,,
2026-08-17,Elisah,Tyfel Coffee,05:41,-,-,,
2026-08-16,Hanifa,Tyfel Coffee,08:00,19:50,11 Jam 50 Menit 40 Detik,,
2026-08-16,Emanuel,Tyfel Coffee,07:54,18:21,10 Jam 26 Menit 22 Detik,,
2026-08-16,Dewi,Tyfel Coffee,07:46,19:50,12 Jam 4 Menit 8 Detik,,
2026-08-16,Fauzi,Tyfel Coffee,07:43,20:40,12 Jam 56 Menit 48 Detik,,
2026-08-16,Aji,Tyfel Coffee,07:24,20:55,13 Jam 31 Menit 41 Detik,,
2026-08-16,Icin,Tyfel Coffee,07:03,20:54,13 Jam 51 Menit 11 Detik,,
2026-08-16,Budi,Tyfel Coffee,05:58,12:12,6 Jam 13 Menit 48 Detik,,
2026-08-16,Agus,Tyfel Coffee,05:55,20:45,14 Jam 49 Menit 44 Detik,,
2026-08-15,Agus,Tyfel Coffee,21:16,21:16,7 Detik,,
2026-08-15,Budi,Tyfel Coffee,16:53,16:54,10 Detik,,
2026-08-15,Aji,Tyfel Coffee,08:01,20:28,12 Jam 27 Menit 16 Detik,,
2026-08-15,Hanifa,Tyfel Coffee,07:58,19:37,11 Jam 38 Menit 38 Detik,,
2026-08-15,Emanuel,Tyfel Coffee,07:57,17:42,9 Jam 44 Menit 59 Detik,,
2026-08-15,Dewi,Tyfel Coffee,07:54,19:37,11 Jam 42 Menit 57 Detik,,
2026-08-15,Fauzi,Tyfel Coffee,07:46,20:40,12 Jam 53 Menit 51 Detik,,
2026-08-15,Icin,Tyfel Coffee,07:22,07:02,23 Jam 39 Menit 9 Detik,,
2026-08-14,Agus,Tyfel Coffee,21:01,21:01,8 Detik,,
2026-08-14,Hanifa,Tyfel Coffee,07:55,19:33,11 Jam 37 Menit 9 Detik,,
2026-08-14,Emanuel,Tyfel Coffee,07:53,17:33,9 Jam 39 Menit 43 Detik,,
2026-08-14,Dewi,Tyfel Coffee,07:52,19:33,11 Jam 40 Menit 48 Detik,,
2026-08-14,Fauzi,Tyfel Coffee,07:50,20:43,12 Jam 53 Menit 30 Detik,,
2026-08-14,Aji,Tyfel Coffee,07:34,20:43,13 Jam 9 Menit 12 Detik,,
2026-08-14,Icin,Tyfel Coffee,07:09,21:04,13 Jam 54 Menit 16 Detik,,
2026-08-14,Budi,Tyfel Coffee,05:54,16:03,10 Jam 8 Menit 44 Detik,,
2026-08-13,Hanifa,Tyfel Coffee,07:55,19:35,11 Jam 39 Menit 33 Detik,,
2026-08-13,Emanuel,Tyfel Coffee,07:52,17:40,9 Jam 47 Menit 26 Detik,,
2026-08-13,Dewi,Tyfel Coffee,07:49,19:35,11 Jam 45 Menit 38 Detik,,
2026-08-13,Fauzi,Tyfel Coffee,07:32,20:43,13 Jam 10 Menit 35 Detik,,
2026-08-13,Icin,Tyfel Coffee,07:15,20:45,13 Jam 29 Menit 31 Detik,,
2026-08-13,Aji,Tyfel Coffee,07:09,20:39,13 Jam 29 Menit 57 Detik,,
2026-08-13,Agus,Tyfel Coffee,06:00,20:52,14 Jam 51 Menit 27 Detik,,
2026-08-13,Budi,Tyfel Coffee,05:40,05:54,24 Jam 13 Menit 53 Detik,,
2026-08-12,Dewi,Tyfel Coffee,07:49,19:50,12 Jam 56 Detik,,
2026-08-12,Fauzi,Tyfel Coffee,07:30,20:43,13 Jam 13 Menit 27 Detik,,
2026-08-12,Aji,Tyfel Coffee,07:16,20:33,13 Jam 17 Menit 8 Detik,,
2026-08-12,Icin,Tyfel Coffee,07:13,20:55,13 Jam 42 Menit 44 Detik,,
2026-08-12,Agus,Tyfel Coffee,06:00,20:53,14 Jam 53 Menit 28 Detik,,
2026-08-12,Budi,Tyfel Coffee,05:52,05:40,23 Jam 48 Menit 11 Detik,,
2026-08-11,Emanuel,Tyfel Coffee,07:58,17:31,9 Jam 32 Menit 34 Detik,,
2026-08-11,Hanifa,Tyfel Coffee,07:57,19:30,11 Jam 32 Menit 51 Detik,,
2026-08-11,Dewi,Tyfel Coffee,07:50,19:50,11 Jam 59 Menit 22 Detik,,
2026-08-11,Fauzi,Tyfel Coffee,07:41,20:43,13 Jam 1 Menit 27 Detik,,
2026-08-11,Icin,Tyfel Coffee,07:06,20:54,13 Jam 47 Menit 49 Detik,,
2026-08-11,Agus,Tyfel Coffee,05:53,20:47,14 Jam 54 Menit 12 Detik,,
2026-08-11,Budi,Tyfel Coffee,05:52,16:14,10 Jam 21 Menit 49 Detik,,
2026-08-10,Hanifa,Tyfel Coffee,07:56,19:31,11 Jam 34 Menit 37 Detik,,
2026-08-10,Dewi,Tyfel Coffee,07:53,19:45,11 Jam 51 Menit 34 Detik,,
2026-08-10,Emanuel,Tyfel Coffee,07:47,17:37,9 Jam 49 Menit 53 Detik,,
2026-08-10,Fauzi,Tyfel Coffee,07:42,20:40,12 Jam 57 Menit 55 Detik,,
2026-08-10,Aji,Tyfel Coffee,07:17,20:37,13 Jam 20 Menit 40 Detik,,
2026-08-10,Icin,Tyfel Coffee,07:13,21:00,13 Jam 46 Menit 5 Detik,,
2026-08-10,Agus,Tyfel Coffee,06:00,20:47,14 Jam 46 Menit 35 Detik,,
2026-08-10,Budi,Tyfel Coffee,05:51,12:47,6 Jam 55 Menit 16 Detik,,
2026-08-09,Hanifa,Tyfel Coffee,07:59,19:30,11 Jam 31 Menit 46 Detik,,
2026-08-09,Dewi,Tyfel Coffee,07:52,19:35,11 Jam 42 Menit 46 Detik,,
2026-08-09,Aji,Tyfel Coffee,07:48,20:30,12 Jam 42 Menit 29 Detik,,
2026-08-09,Emanuel,Tyfel Coffee,07:44,17:31,9 Jam 46 Menit 59 Detik,,
2026-08-09,Fauzi,Tyfel Coffee,07:40,21:14,13 Jam 34 Menit 4 Detik,,
2026-08-09,Icin,Tyfel Coffee,07:16,21:36,14 Jam 20 Menit 22 Detik,,
2026-08-09,Agus,Tyfel Coffee,06:11,21:30,15 Jam 18 Menit 46 Detik,,
2026-08-09,Budi,Tyfel Coffee,05:56,16:11,10 Jam 14 Menit 44 Detik,,
2026-08-08,Hanifa,Tyfel Coffee,08:00,19:30,11 Jam 30 Menit 15 Detik,,
2026-08-08,Dewi,Tyfel Coffee,07:50,19:30,11 Jam 39 Menit 54 Detik,,
2026-08-08,Emanuel,Tyfel Coffee,07:45,17:35,9 Jam 50 Menit 2 Detik,,
2026-08-08,Fauzi,Tyfel Coffee,07:37,20:45,13 Jam 7 Menit 27 Detik,,
2026-08-08,Aji,Tyfel Coffee,07:25,20:11,12 Jam 46 Menit 3 Detik,,
2026-08-08,Icin,Tyfel Coffee,07:19,20:52,13 Jam 33 Menit 14 Detik,,
2026-08-08,Agus,Tyfel Coffee,06:00,21:07,15 Jam 6 Menit 38 Detik,,
2026-08-08,Budi,Tyfel Coffee,05:51,13:40,7 Jam 48 Menit 42 Detik,,
2026-08-07,Aji,Tyfel Coffee,08:14,20:47,12 Jam 32 Menit 57 Detik,,
2026-08-07,Hanifa,Tyfel Coffee,07:57,19:49,11 Jam 52 Menit 13 Detik,,
2026-08-07,Dewi,Tyfel Coffee,07:54,19:49,11 Jam 55 Menit 40 Detik,,
2026-08-07,Emanuel,Tyfel Coffee,07:51,17:34,9 Jam 43 Menit 6 Detik,,
2026-08-07,Fauzi,Tyfel Coffee,07:27,20:49,13 Jam 21 Menit 55 Detik,,
2026-08-07,Icin,Tyfel Coffee,06:39,21:07,14 Jam 27 Menit 35 Detik,,
2026-08-07,Agus,Tyfel Coffee,06:00,20:50,14 Jam 50 Menit 3 Detik,,
2026-08-07,Budi,Tyfel Coffee,05:50,16:14,10 Jam 24 Menit 34 Detik,,
2026-08-06,Aji,Tyfel Coffee,11:16,20:32,9 Jam 16 Menit 22 Detik,,
2026-08-06,Hanifa,Tyfel Coffee,07:58,19:31,11 Jam 32 Menit 53 Detik,,
2026-08-06,Emanuel,Tyfel Coffee,07:50,17:35,9 Jam 44 Menit 43 Detik,,
2026-08-06,Icin,Tyfel Coffee,06:30,20:53,14 Jam 22 Menit 47 Detik,,
2026-08-06,Agus,Tyfel Coffee,05:58,21:01,15 Jam 3 Menit 3 Detik,,
2026-08-06,Budi,Tyfel Coffee,05:47,16:08,10 Jam 21 Menit 14 Detik,,
2026-08-05,Hanifa,Tyfel Coffee,07:57,19:30,11 Jam 33 Menit 20 Detik,,
2026-08-05,Fauzi,Tyfel Coffee,07:51,20:49,12 Jam 58 Menit 16 Detik,,
2026-08-05,Dewi,Tyfel Coffee,07:44,19:32,11 Jam 47 Menit 26 Detik,,
2026-08-05,Icin,Tyfel Coffee,06:59,22:33,15 Jam 34 Menit 4 Detik,,
2026-08-05,Aji,Tyfel Coffee,06:54,20:24,13 Jam 29 Menit 12 Detik,,
2026-08-05,Agus,Tyfel Coffee,05:56,20:43,14 Jam 47 Menit 1 Detik,,
2026-08-05,Budi,Tyfel Coffee,05:48,05:46,23 Jam 58 Menit 51 Detik,,
2026-08-04,Emanuel,Tyfel Coffee,07:56,17:32,9 Jam 35 Menit 47 Detik,,
2026-08-04,Hanifa,Tyfel Coffee,07:55,19:43,11 Jam 47 Menit 38 Detik,,
2026-08-04,Dewi,Tyfel Coffee,07:43,19:43,11 Jam 59 Menit 44 Detik,,
2026-08-04,Fauzi,Tyfel Coffee,07:41,20:45,13 Jam 4 Menit 7 Detik,,
2026-08-04,Icin,Tyfel Coffee,07:09,21:00,13 Jam 51 Menit 41 Detik,,
2026-08-04,Agus,Tyfel Coffee,06:00,20:45,14 Jam 44 Menit 10 Detik,,
2026-08-04,Budi,Tyfel Coffee,05:48,16:01,10 Jam 12 Menit 52 Detik,,
2026-08-03,Hanifa,Tyfel Coffee,07:58,19:44,11 Jam 45 Menit 49 Detik,,
2026-08-03,Emanuel,Tyfel Coffee,07:56,17:42,9 Jam 46 Menit 31 Detik,,
2026-08-03,Aji,Tyfel Coffee,07:55,20:48,12 Jam 53 Menit 14 Detik,,
2026-08-03,Dewi,Tyfel Coffee,07:50,19:44,11 Jam 54 Menit,,
2026-08-03,Fauzi,Tyfel Coffee,07:40,20:47,13 Jam 7 Menit 44 Detik,,
2026-08-03,Icin,Tyfel Coffee,06:34,20:52,14 Jam 18 Menit 23 Detik,,
2026-08-03,Agus,Tyfel Coffee,05:56,20:55,14 Jam 59 Menit 12 Detik,,
2026-08-03,Budi,Tyfel Coffee,05:33,13:13,7 Jam 40 Menit 4 Detik,,
2026-08-02,Budi,Tyfel Coffee,16:06,16:06,8 Detik,,
2026-08-02,Hanifa,Tyfel Coffee,07:58,19:40,11 Jam 42 Menit 7 Detik,,
2026-08-02,Dewi,Tyfel Coffee,07:56,19:40,11 Jam 43 Menit 42 Detik,,
2026-08-02,Emanuel,Tyfel Coffee,07:48,17:37,9 Jam 49 Menit 1 Detik,,
2026-08-02,Aji,Tyfel Coffee,07:16,20:33,13 Jam 17 Menit 23 Detik,,
2026-08-02,Fauzi,Tyfel Coffee,07:15,20:41,13 Jam 26 Menit 14 Detik,,
2026-08-02,Agus,Tyfel Coffee,06:00,20:46,14 Jam 45 Menit 30 Detik,,
2026-08-01,Aji,Tyfel Coffee,08:15,20:44,12 Jam 29 Menit 16 Detik,,
2026-08-01,Dewi,Tyfel Coffee,08:01,20:05,12 Jam 4 Menit 30 Detik,,
2026-08-01,Hanifa,Tyfel Coffee,07:52,19:54,12 Jam 1 Menit 22 Detik,,
2026-08-01,Fauzi,Tyfel Coffee,07:38,20:44,13 Jam 5 Menit 50 Detik,,
2026-08-01,Emanuel,Tyfel Coffee,07:29,17:34,10 Jam 4 Menit 16 Detik,,
2026-08-01,Budi,Tyfel Coffee,05:59,16:45,10 Jam 46 Menit 11 Detik,,
2026-08-01,Agus,Tyfel Coffee,05:46,20:57,15 Jam 11 Menit 2 Detik,,
,,,,,,,
,,,,,,,
,,,,,,,
,,,,,,,
,,,,,,,
,,,,,,,Powered by
