Account No.,=,'4080067271
Name,=,FELIX SALIM
Currency,=,IDR

Date,Description,Branch,Amount,,Balance
'01/08/2026,TRSF E-BANKING CR 0108/FTSCY/WS9505157518.00          4080067271        268102MJ02228801  VISIONET INTERNASI,'0000,57518.00,CR,17505018.31
'01/08/2026,TRSF E-BANKING CR 0108/FTSCY/WS95051264995.00         4080067271        268103HT02250400  VISIONET INTERNASI,'0000,264995.00,CR,17770013.31
'01/08/2026,TRSF E-BANKING CR 0108/FTSCY/WS95051221186.00         4080067271        268103MT02253804  VISIONET INTERNASI,'0000,221186.00,CR,17991199.31
'01/08/2026,TRSF E-BANKING CR 0108/FTSCY/WS9505195884.00          4080067271        2681054U02291433  VISIONET INTERNASI,'0450,95884.00,CR,18087083.31
'01/08/2026,KARTU KREDIT MID:000668903     TYFEL COFFEE-HO   TGH:00000250700.00ADM:00000005014.00,'0000,245686.00,CR,18332769.31
'01/08/2026,TRSF E-BANKING CR 0108/FTSCY/WS95051325220.00         G291124104 0108   WLST4d4f01aaad7ebfDOMPET ANAK BANGSA,'5265,325220.00,CR,18657989.31
'01/08/2026,TRSF E-BANKING CR 0108/FTSCY/WS95051460334.00         G058990717 0108   WLSTf24a0cb8c7cfd5DOMPET ANAK BANGSA,'5265,460334.00,CR,19118323.31
'01/08/2026,TRSF E-BANKING CR 0108/FTSCY/WS9505189957.00          G295064203 0108   WLST6bc4755311ec58DOMPET ANAK BANGSA,'5265,89957.00,CR,19208280.31
'01/08/2026,TRSF E-BANKING CR 0108/FTSCY/WS9505162311.00          G996412497 0108   WLSTd996e786931a32DOMPET ANAK BANGSA,'5265,62311.00,CR,19270591.31
'01/08/2026,TRSF E-BANKING CR 0108/FTSCY/WS95051125337.00         M321180 0108      WLST5024afa1d35628DOMPET ANAK BANGSA,'5265,125337.00,CR,19395928.31
'01/08/2026,KR OTOMATIS TANGGAL :31/07    MID : 885000668903TYFEL COFFEE-HO   QR :     220800.00DDR:          0.00,'0000,220800.00,CR,19616728.31
'02/08/2026,TRSF E-BANKING CR 0208/FTSCY/WS95051383559.00         4080067271        268202KE02531597  VISIONET INTERNASI,'0000,383559.00,CR,20000287.31
'02/08/2026,TRSF E-BANKING CR 0208/FTSCY/WS95051662320.00         4080067271        268203E702553100  VISIONET INTERNASI,'0000,662320.00,CR,20662607.31
'02/08/2026,TRSF E-BANKING CR 0208/FTSCY/WS95051558958.00         4080067271        268203KO02557477  VISIONET INTERNASI,'0000,558958.00,CR,21221565.31
'02/08/2026,TRSF E-BANKING CR 0208/FTSCY/WS9505124998.00          4080067271        2682052I02596097  VISIONET INTERNASI,'0000,24998.00,CR,21246563.31
'02/08/2026,TRSF E-BANKING CR 0208/FTSCY/WS95051231680.00         M321180 0208      WLSTe1e45a83b2048aDOMPET ANAK BANGSA,'5265,231680.00,CR,21478243.31
'02/08/2026,TRSF E-BANKING CR 0208/FTSCY/WS95051772375.00         G058990717 0208   WLST588472ba3a5478DOMPET ANAK BANGSA,'5265,772375.00,CR,22250618.31
'02/08/2026,TRSF E-BANKING CR 0208/FTSCY/WS95051376022.00         G291124104 0208   WLSTdae86f28b31063DOMPET ANAK BANGSA,'5265,376022.00,CR,22626640.31
'02/08/2026,TRSF E-BANKING CR 0208/FTSCY/WS9505150936.00          G996412497 0208   WLST01bdfa1c8822f7DOMPET ANAK BANGSA,'5265,50936.00,CR,22677576.31
'02/08/2026,TRSF E-BANKING CR 0208/FTSCY/WS9505173627.00          G295064203 0208   WLST8514e01f68bc01DOMPET ANAK BANGSA,'5265,73627.00,CR,22751203.31
'02/08/2026,KR OTOMATIS TANGGAL :01/08    MID : 885000668903TYFEL COFFEE-HO   QR :     233450.00DDR:          0.00,'0000,233450.00,CR,22984653.31
'03/08/2026,TRSF E-BANKING DB 0208/FTFVA/WS9527115918/ASTRO       81234568959,'0000,176100.00,DB,22808553.31
'03/08/2026,TRSF E-BANKING CR 0308/FTSCY/WS95051263219.00         4080067271        268302KG02812739  VISIONET INTERNASI,'0000,263219.00,CR,23071772.31
'03/08/2026,TRSF E-BANKING CR 0308/FTSCY/WS95051576681.00         4080067271        268303AV02831063  VISIONET INTERNASI,'0450,576681.00,CR,23648453.31
'03/08/2026,TRSF E-BANKING CR 0308/FTSCY/WS95051286812.00         4080067271        268303K802837816  VISIONET INTERNASI,'0450,286812.00,CR,23935265.31
'03/08/2026,TRSF E-BANKING CR 0308/FTSCY/WS9505164692.00          4080067271        268304WB02872777  VISIONET INTERNASI,'0450,64692.00,CR,23999957.31
'03/08/2026,TRSF E-BANKING CR 0308/FTSCY/WS95051500100.00         G291124104 0308   WLSTdcd2cf88df7aecDOMPET ANAK BANGSA,'5265,500100.00,CR,24500057.31
'03/08/2026,TRSF E-BANKING CR 0308/FTSCY/WS95051161000.00         G739299012 0308   WLSTfb0fa6bdf051e0DOMPET ANAK BANGSA,'5265,161000.00,CR,24661057.31
'03/08/2026,TRSF E-BANKING CR 0308/FTSCY/WS95051707444.00         G058990717 0308   WLST14ab50c6cf3d6cDOMPET ANAK BANGSA,'5265,707444.00,CR,25368501.31
'03/08/2026,TRSF E-BANKING CR 0308/FTSCY/WS9505182335.00          M321180 0308      WLST8957e93da4e2bdDOMPET ANAK BANGSA,'5265,82335.00,CR,25450836.31
'03/08/2026,TRSF E-BANKING CR 0308/FTSCY/WS95051303176.00         G996412497 0308   WLST0d00c37cc572bcDOMPET ANAK BANGSA,'5265,303176.00,CR,25754012.31
'03/08/2026,KR OTOMATIS TANGGAL :02/08    MID : 885000668903TYFEL COFFEE-HO   QR :      56350.00DDR:          0.00,'0000,56350.00,CR,25810362.31
'03/08/2026,TRSF E-BANKING DB 0308/FTSCY/WS952715087550.00        Frozen veggie way SUMARTONO SUTARTHO,'0408,5087550.00,DB,20722812.31
'03/08/2026,TRSF E-BANKING DB 0308/FTSCY/WS95271489000.00         Minyak + tepung   RIO,'0408,489000.00,DB,20233812.31
'03/08/2026,TRSF E-BANKING DB 0308/FTSCY/WS952711354500.00        Brioche gv + cipete                 GO KIE BUN,'0408,1354500.00,DB,18879312.31
'03/08/2026,TRSF E-BANKING DB 0308/FTSCY/WS95271615000.00         Gas 3 tyfel       RIZKI FIRMANSYAH,'0408,615000.00,DB,18264312.31
'03/08/2026,TRSF E-BANKING DB 0308/FTSCY/WS952711880000.00        Frozen 11 jun     HISNAWATI NG,'0408,1880000.00,DB,16384312.31
'03/08/2026,TRSF E-BANKING DB 0308/FTSCY/WS95271620000.00         Sambal 20 jun     HISNAWATI NG,'0408,620000.00,DB,15764312.31
'03/08/2026,BIAYA ADM ,'0000,14000.00,DB,15750312.31
'04/08/2026,TRSF E-BANKING CR 0408/FTSCY/WS9505195866.00          4080067271        268402J802081287  VISIONET INTERNASI,'0000,95866.00,CR,15846178.31
'04/08/2026,TRSF E-BANKING CR 0408/FTSCY/WS9505158110.00          4080067271        2684037N02098133  VISIONET INTERNASI,'0000,58110.00,CR,15904288.31
'04/08/2026,TRSF E-BANKING CR 0408/FTSCY/WS95051298034.00         4080067271        268403DD02102419  VISIONET INTERNASI,'0450,298034.00,CR,16202322.31
'04/08/2026,TRSF E-BANKING CR 0408/FTSCY/WS95051192622.00         4080067271        268403IY02106140  VISIONET INTERNASI,'0450,192622.00,CR,16394944.31
'04/08/2026,TRSF E-BANKING CR 0408/FTSCY/WS95051114501.00         4080067271        2684050C02143763  VISIONET INTERNASI,'0450,114501.00,CR,16509445.31
'04/08/2026,TRSF E-BANKING CR 0408/FTSCY/WS95051298686.00         G291124104 0408   WLST8955426cc8890bDOMPET ANAK BANGSA,'5265,298686.00,CR,16808131.31
'04/08/2026,TRSF E-BANKING CR 0408/FTSCY/WS95051170525.00         G739299012 0408   WLST2d79bcdac8316bDOMPET ANAK BANGSA,'5265,170525.00,CR,16978656.31
'04/08/2026,TRSF E-BANKING CR 0408/FTSCY/WS95051579732.00         G058990717 0408   WLST9fbcb4d9664076DOMPET ANAK BANGSA,'5265,579732.00,CR,17558388.31
'04/08/2026,TRSF E-BANKING CR 0408/FTSCY/WS9505176156.00          G295064203 0408   WLSTda21af6e5e4e74DOMPET ANAK BANGSA,'5265,76156.00,CR,17634544.31
'04/08/2026,TRSF E-BANKING CR 0408/FTSCY/WS95051121466.00         G996412497 0408   WLST200c787bbf3631DOMPET ANAK BANGSA,'5265,121466.00,CR,17756010.31
'04/08/2026,KR OTOMATIS TANGGAL :03/08    MID : 885000668903TYFEL COFFEE-HO   QR :     277150.00DDR:          0.00,'0000,277150.00,CR,18033160.31
'04/08/2026,TRSF E-BANKING DB 0408/FTFVA/WS9527138152/LALAMOVE    00009233816,'0000,500000.00,DB,17533160.31
'05/08/2026,TRSF E-BANKING CR 0508/FTSCY/WS9505171847.00          4080067271        268502LO02348541  VISIONET INTERNASI,'0450,71847.00,CR,17605007.31
'05/08/2026,TRSF E-BANKING CR 0508/FTSCY/WS95051509792.00         4080067271        268503DQ02368303  VISIONET INTERNASI,'0450,509792.00,CR,18114799.31
'05/08/2026,TRSF E-BANKING CR 0508/FTSCY/WS95051590885.00         4080067271        268503LU02373688  VISIONET INTERNASI,'0450,590885.00,CR,18705684.31
'05/08/2026,TRSF E-BANKING CR 0508/FTSCY/WS9505133550.00          4080067271        2685051D02409611  VISIONET INTERNASI,'0450,33550.00,CR,18739234.31
'05/08/2026,TRSF E-BANKING CR 0508/FTSCY/WS95051224507.00         G291124104 0508   WLSTd2278b71065245DOMPET ANAK BANGSA,'5265,224507.00,CR,18963741.31
'05/08/2026,TRSF E-BANKING CR 0508/FTSCY/WS95051426690.00         G058990717 0508   WLST2a299841c49f06DOMPET ANAK BANGSA,'5265,426690.00,CR,19390431.31
'05/08/2026,TRSF E-BANKING CR 0508/FTSCY/WS95051227829.00         M321180 0508      WLSTb4a1739caf27d7DOMPET ANAK BANGSA,'5265,227829.00,CR,19618260.31
'05/08/2026,TRSF E-BANKING CR 0508/FTSCY/WS9505162311.00          G996412497 0508   WLSTba455e0fff8c02DOMPET ANAK BANGSA,'5265,62311.00,CR,19680571.31
'05/08/2026,TRSF E-BANKING DB 0508/FTSCY/WS952712185800.00        Frozen sukanda    SUKANDA DJAYA PT,'0408,2185800.00,DB,17494771.31
'05/08/2026,TRSF E-BANKING DB 0508/FTFVA/WS9527112608/SHOPEE      81024841253,'0000,351650.00,DB,17143121.31
'05/08/2026,TRSF E-BANKING DB 0508/FTSCY/WS95271870000.00         Cat tyfel         PURWANTO,'0408,870000.00,DB,16273121.31
'05/08/2026,TRSF E-BANKING DB 0508/FTSCY/WS952713095000.00        Salary aug        SANWANI,'0408,3095000.00,DB,13178121.31
'05/08/2026,TRSF E-BANKING DB 0508/FTFVA/WS9527112608/SHOPEE      1234568959,'0000,576791.00,DB,12601330.31
'06/08/2026,TRSF E-BANKING CR 0608/FTSCY/WS95051119642.00         4080067271        268602NB02618525  VISIONET INTERNASI,'0000,119642.00,CR,12720972.31
'06/08/2026,TRSF E-BANKING CR 0608/FTSCY/WS95051592467.00         4080067271        268603EV02637751  VISIONET INTERNASI,'0000,592467.00,CR,13313439.31
'06/08/2026,TRSF E-BANKING CR 0608/FTSCY/WS95051481644.00         4080067271        268603LB02642245  VISIONET INTERNASI,'0000,481644.00,CR,13795083.31
'06/08/2026,TRSF E-BANKING CR 0608/FTSCY/WS9505135391.00          4080067271        2686051B02678405  VISIONET INTERNASI,'0450,35391.00,CR,13830474.31
'06/08/2026,TRSF E-BANKING CR 0608/FTSCY/WS95051173709.00         G996412497 0608   WLST2d66325aa4ea25DOMPET ANAK BANGSA,'5265,173709.00,CR,14004183.31
'06/08/2026,TRSF E-BANKING CR 0608/FTSCY/WS95051380180.00         G058990717 0608   WLSTcad062c99e168cDOMPET ANAK BANGSA,'5265,380180.00,CR,14384363.31
'06/08/2026,TRSF E-BANKING CR 0608/FTSCY/WS95051185494.00         G291124104 0608   WLSTa13a0cefe6d2dcDOMPET ANAK BANGSA,'5265,185494.00,CR,14569857.31
'06/08/2026,TRSF E-BANKING CR 0608/FTSCY/WS9505187795.00          M321180 0608      WLSTd9dec7a61bdc25DOMPET ANAK BANGSA,'5265,87795.00,CR,14657652.31
'06/08/2026,KR OTOMATIS TANGGAL :05/08    MID : 885000668903TYFEL COFFEE-HO   QR :     101200.00DDR:          0.00,'0000,101200.00,CR,14758852.31
'06/08/2026,TRSF E-BANKING DB 0608/FTFVA/WS9527112608/SHOPEE      1234568959,'0000,1003809.00,DB,13755043.31
'06/08/2026,TRANSAKSI DEBIT TGL: 0806         QR  002           00000.00NAGADI COF,'0000,104000.00,DB,13651043.31
'06/08/2026,TRSF E-BANKING DB 0608/FTFVA/WS9527115918/ASTRO       81234568959,'0000,174460.00,DB,13476583.31
'06/08/2026,BI-FAST DB TRANSFER   KE 013 MUHAMAD TEDIFERNANMyBCA,'0000,1000000.00,DB,12476583.31
'06/08/2026,BI-FAST DB BIAYA TXN  KE 013 MUHAMAD TEDIFERNANMyBCA,'0000,2500.00,DB,12474083.31
'07/08/2026,TRSF E-BANKING CR 0708/FTSCY/WS95051118758.00         4080067271        268702MQ02865734  VISIONET INTERNASI,'0450,118758.00,CR,12592841.31
'07/08/2026,TRSF E-BANKING CR 0708/FTSCY/WS95051441675.00         4080067271        268703FO02885429  VISIONET INTERNASI,'0450,441675.00,CR,13034516.31
'07/08/2026,TRSF E-BANKING CR 0708/FTSCY/WS9505170308.00          4080067271        268703N802890138  VISIONET INTERNASI,'0450,70308.00,CR,13104824.31
'07/08/2026,TRSF E-BANKING CR 0708/FTSCY/WS9505118522.00          4080067271        2687053G02926098  VISIONET INTERNASI,'0450,18522.00,CR,13123346.31
'07/08/2026,TRSF E-BANKING CR 0708/FTSCY/WS95051370242.00         G291124104 0708   WLSTa42a6f4bfb949dDOMPET ANAK BANGSA,'5265,370242.00,CR,13493588.31
'07/08/2026,TRSF E-BANKING CR 0708/FTSCY/WS95051577736.00         G058990717 0708   WLSTee443f4ef83a9dDOMPET ANAK BANGSA,'5265,577736.00,CR,14071324.31
'07/08/2026,TRSF E-BANKING CR 0708/FTSCY/WS95051111397.00         G295064203 0708   WLSTdc656526cee3ceDOMPET ANAK BANGSA,'5265,111397.00,CR,14182721.31
'07/08/2026,TRSF E-BANKING CR 0708/FTSCY/WS9505159147.00          G996412497 0708   WLSTc6831a0233b030DOMPET ANAK BANGSA,'5265,59147.00,CR,14241868.31
'07/08/2026,KR OTOMATIS TANGGAL :06/08    MID : 885000668903TYFEL COFFEE-HO   QR :     256450.00DDR:          0.00,'0000,256450.00,CR,14498318.31
'07/08/2026,TRSF E-BANKING DB 0708/FTSCY/WS95271101500.00         Belanja atomat    INDRAWATI,'0408,101500.00,DB,14396818.31
'07/08/2026,TRSF E-BANKING DB 0708/FTSCY/WS95271150000.00         Cookies           STEVEN TANTI,'0408,150000.00,DB,14246818.31
'07/08/2026,TRSF E-BANKING CR 0708/FTSCY/WS95271339000.00         Catering          THERESIA YOLANDA M,'0458,339000.00,CR,14585818.31
'07/08/2026,TRSF E-BANKING DB 0708/FTFVA/WS9527112608/SHOPEE      81024841253,'0000,48625.00,DB,14537193.31
'07/08/2026,TRSF E-BANKING DB 0708/FTSCY/WS952711043600.00        SOL0708264313     SUKANDA DJAYA PT,'0408,1043600.00,DB,13493593.31
'07/08/2026,TRSF E-BANKING CR 0708/FTSCY/WS95271339000.00         thank you         DWI SINGGIH FINNA,'6690,339000.00,CR,13832593.31
'08/08/2026,TRSF E-BANKING CR 0808/FTSCY/WS9505180807.00          4080067271        268802N802135549  VISIONET INTERNASI,'0450,80807.00,CR,13913400.31
'08/08/2026,TRSF E-BANKING CR 0808/FTSCY/WS9505145220.00          4080067271        268803DU02148419  VISIONET INTERNASI,'0450,45220.00,CR,13958620.31
'08/08/2026,TRSF E-BANKING CR 0808/FTSCY/WS95051245198.00         4080067271        268803IH02151359  VISIONET INTERNASI,'0450,245198.00,CR,14203818.31
'08/08/2026,TRSF E-BANKING CR 0808/FTSCY/WS95051529573.00         4080067271        268803O902154389  VISIONET INTERNASI,'0450,529573.00,CR,14733391.31
'08/08/2026,TRSF E-BANKING CR 0808/FTSCY/WS9505165518.00          4080067271        2688053H02180543  VISIONET INTERNASI,'0450,65518.00,CR,14798909.31
'08/08/2026,KARTU KREDIT MID:000668903     TYFEL COFFEE-HO   TGH:00000078200.00ADM:00000001564.00,'0000,76636.00,CR,14875545.31
'08/08/2026,TRSF E-BANKING CR 0808/FTSCY/WS95051892969.00         G058990717 0808   WLST945b2c1c988374DOMPET ANAK BANGSA,'5265,892969.00,CR,15768514.31
'08/08/2026,TRSF E-BANKING CR 0808/FTSCY/WS95051431744.00         G291124104 0808   WLST0962242e547035DOMPET ANAK BANGSA,'5265,431744.00,CR,16200258.31
'08/08/2026,TRSF E-BANKING CR 0808/FTSCY/WS95051178739.00         G295064203 0808   WLST10a5d27a3b0ffdDOMPET ANAK BANGSA,'5265,178739.00,CR,16378997.31
'08/08/2026,TRSF E-BANKING CR 0808/FTSCY/WS95051146477.00         M321180 0808      WLSTfd251e8dceb869DOMPET ANAK BANGSA,'5265,146477.00,CR,16525474.31
'08/08/2026,KR OTOMATIS TANGGAL :07/08    MID : 885000668903TYFEL COFFEE-HO   QR :     230000.00DDR:          0.00,'0000,230000.00,CR,16755474.31
'08/08/2026,TRSF E-BANKING DB 0808/FTFVA/WS9527112008/SHOPEE      031666894029,'0000,369500.00,DB,16385974.31
'08/08/2026,TRSF E-BANKING DB 0808/FTSCY/WS95271726279.00         Frozen sukanda    SUKANDA DJAYA PT,'0408,726279.00,DB,15659695.31
'09/08/2026,TRSF E-BANKING CR 0908/FTSCY/WS95051144062.00         4080067271        268902OZ02374068  VISIONET INTERNASI,'0450,144062.00,CR,15803757.31
'09/08/2026,TRSF E-BANKING CR 0908/FTSCY/WS95051425742.00         4080067271        268903JG02395543  VISIONET INTERNASI,'0450,425742.00,CR,16229499.31
'09/08/2026,TRSF E-BANKING CR 0908/FTSCY/WS95051274441.00         4080067271        268903OU02399178  VISIONET INTERNASI,'0450,274441.00,CR,16503940.31
'09/08/2026,TRSF E-BANKING CR 0908/FTSCY/WS95051104468.00         4080067271        2689056302436519  VISIONET INTERNASI,'0450,104468.00,CR,16608408.31
'09/08/2026,TRSF E-BANKING CR 0908/FTSCY/WS950511271714.00        G058990717 0908   WLSTc7fa058469d633DOMPET ANAK BANGSA,'5265,1271714.00,CR,17880122.31
'09/08/2026,TRSF E-BANKING CR 0908/FTSCY/WS9505156815.00          G291124104 0908   WLST774f531c19da45DOMPET ANAK BANGSA,'5265,56815.00,CR,17936937.31
'09/08/2026,TRSF E-BANKING CR 0908/FTSCY/WS95051228760.00         M321180 0908      WLSTb452515718ec9cDOMPET ANAK BANGSA,'5265,228760.00,CR,18165697.31
'09/08/2026,TRSF E-BANKING CR 0908/FTSCY/WS9505152242.00          G996412497 0908   WLST76bb3c871c45f0DOMPET ANAK BANGSA,'5265,52242.00,CR,18217939.31
'09/08/2026,KR OTOMATIS TANGGAL :08/08    MID : 885000668903TYFEL COFFEE-HO   QR :    1248900.00DDR:       1559.40,'0000,1247340.60,CR,19465279.91
'09/08/2026,TRSF E-BANKING DB 0908/FTFVA/WS9527115918/ASTRO       81234568959,'0000,583096.00,DB,18882183.91
'10/08/2026,TRSF E-BANKING CR 1008/FTSCY/WS95051241185.00         4080067271        268A02MD02653584  VISIONET INTERNASI,'0450,241185.00,CR,19123368.91
'10/08/2026,TRSF E-BANKING CR 1008/FTSCY/WS95051821859.00         4080067271        268A03FC02673960  VISIONET INTERNASI,'0450,821859.00,CR,19945227.91
'10/08/2026,TRSF E-BANKING CR 1008/FTSCY/WS950511037718.00        4080067271        268A03L402677776  VISIONET INTERNASI,'0450,1037718.00,CR,20982945.91
'10/08/2026,TRSF E-BANKING CR 1008/FTSCY/WS9505111974.00          4080067271        268A04ZY02713131  VISIONET INTERNASI,'0450,11974.00,CR,20994919.91
'10/08/2026,TRSF E-BANKING CR 1008/FTSCY/WS95051334065.00         G291124104 1008   WLST0b164951c536f8DOMPET ANAK BANGSA,'5265,334065.00,CR,21328984.91
'10/08/2026,TRSF E-BANKING CR 1008/FTSCY/WS95051801390.00         G058990717 1008   WLST1104f4dd936f77DOMPET ANAK BANGSA,'5265,801390.00,CR,22130374.91
'10/08/2026,TRSF E-BANKING CR 1008/FTSCY/WS95051142780.00         G996412497 1008   WLST89eceac9734c2bDOMPET ANAK BANGSA,'5265,142780.00,CR,22273154.91
'10/08/2026,TRSF E-BANKING CR 1008/FTSCY/WS95051221536.00         M321180 1008      WLST0ecca4b718cf98DOMPET ANAK BANGSA,'5265,221536.00,CR,22494690.91
'10/08/2026,TRSF E-BANKING DB 1008/FTFVA/WS9527112608/SHOPEE      1234568959,'0000,872990.00,DB,21621700.91
'10/08/2026,TRSF E-BANKING DB 1008/FTFVA/WS9527112608/SHOPEE      1234568959,'0000,247530.00,DB,21374170.91
'10/08/2026,TRSF E-BANKING DB 1008/FTFVA/WS9527115918/ASTRO       81234568959,'0000,355960.00,DB,21018210.91
'10/08/2026,TRSF E-BANKING DB 1008/FTFVA/WS9527112608/SHOPEE      1234568959,'0000,452000.00,DB,20566210.91
'10/08/2026,TRSF E-BANKING DB 1008/FTSCY/WS952711876000.00        Kopi tyfel 29jul  CIPTA USAHA PERSAD,'0408,1876000.00,DB,18690210.91
'11/08/2026,TRSF E-BANKING DB 1008/FTSCY/WS952712000000.00        Ponsor medan bazaar                 YAY SATYA DHARMA M,'0000,2000000.00,DB,16690210.91
'11/08/2026,TRSF E-BANKING DB 1108/FTFVA/WS9527171117/BIZNET HOME 01000032766,'0000,416250.00,DB,16273960.91
'11/08/2026,TRSF E-BANKING CR 1108/FTSCY/WS9505162163.00          4080067271        268B02MI02924713  VISIONET INTERNASI,'0450,62163.00,CR,16336123.91
'11/08/2026,TRSF E-BANKING CR 1108/FTSCY/WS95051296199.00         4080067271        268B03F502944730  VISIONET INTERNASI,'0450,296199.00,CR,16632322.91
'11/08/2026,TRSF E-BANKING CR 1108/FTSCY/WS9505197625.00          4080067271        268B03LD02948505  VISIONET INTERNASI,'0450,97625.00,CR,16729947.91
'11/08/2026,TRSF E-BANKING CR 1108/FTSCY/WS95051468414.00         G058990717 1108   WLST7b835c9dca28c1DOMPET ANAK BANGSA,'5265,468414.00,CR,17198361.91
'11/08/2026,TRSF E-BANKING CR 1108/FTSCY/WS9505148924.00          G291124104 1108   WLSTb83db3afa3747eDOMPET ANAK BANGSA,'5265,48924.00,CR,17247285.91
'11/08/2026,TRSF E-BANKING CR 1108/FTSCY/WS9505174250.00          G996412497 1108   WLSTf50815a536a861DOMPET ANAK BANGSA,'5265,74250.00,CR,17321535.91
'11/08/2026,KR OTOMATIS TANGGAL :10/08    MID : 885000668903TYFEL COFFEE-HO   QR :     118450.00DDR:          0.00,'0000,118450.00,CR,17439985.91
'11/08/2026,TRSF E-BANKING CR 1108/FTSCY/WS950312700000.00        agst              ELYNA NOVIYA,'5310,2700000.00,CR,20139985.91
'11/08/2026,TRSF E-BANKING DB 1108/FTSCY/WS952711476114.00        Frozen sukanda    SUKANDA DJAYA PT,'0408,1476114.00,DB,18663871.91
'12/08/2026,TRSF E-BANKING CR 1208/FTSCY/WS95051113560.00         4080067271        268C02NA02197531  VISIONET INTERNASI,'0450,113560.00,CR,18777431.91
'12/08/2026,TRSF E-BANKING CR 1208/FTSCY/WS9505138500.00          4080067271        268C039F02212621  VISIONET INTERNASI,'0450,38500.00,CR,18815931.91
'12/08/2026,TRSF E-BANKING CR 1208/FTSCY/WS95051715403.00         4080067271        268C03FI02216287  VISIONET INTERNASI,'0450,715403.00,CR,19531334.91
'12/08/2026,TRSF E-BANKING CR 1208/FTSCY/WS95051264492.00         4080067271        268C03MN02220943  VISIONET INTERNASI,'0450,264492.00,CR,19795826.91
'12/08/2026,TRSF E-BANKING CR 1208/FTSCY/WS95051198557.00         4080067271        268C051Z02256037  VISIONET INTERNASI,'0450,198557.00,CR,19994383.91
'12/08/2026,TRSF E-BANKING CR 1208/FTSCY/WS95051146773.00         M321180 1208      WLSTcdba3b049fd771DOMPET ANAK BANGSA,'5265,146773.00,CR,20141156.91
'12/08/2026,TRSF E-BANKING CR 1208/FTSCY/WS95051299085.00         G291124104 1208   WLSTfb8c21d39b2ff6DOMPET ANAK BANGSA,'5265,299085.00,CR,20440241.91
'12/08/2026,TRSF E-BANKING CR 1208/FTSCY/WS95051518963.00         G058990717 1208   WLST405809f0d27278DOMPET ANAK BANGSA,'5265,518963.00,CR,20959204.91
'12/08/2026,TRSF E-BANKING DB 1208/FTSCY/WS95271254000.00         Minyak            RIO,'0408,254000.00,DB,20705204.91
'12/08/2026,BI-FAST DB TRANSFER   KE 009 IRPAN IRPANDI     MyBCA,'0000,163500.00,DB,20541704.91
'12/08/2026,BI-FAST DB BIAYA TXN  KE 009 IRPAN IRPANDI     MyBCA,'0000,2500.00,DB,20539204.91
'12/08/2026,TRSF E-BANKING DB 1208/FTFVA/WS9527112608/SHOPEE      81024841253,'0000,352935.00,DB,20186269.91
'12/08/2026,TRSF E-BANKING DB 1208/FTFVA/WS9527112008/SHOPEE      008511335568,'0000,47625.00,DB,20138644.91
'12/08/2026,TRSF E-BANKING DB 1208/FTSCY/WS952711800000.00        Dp grinder        MOHAMMAD YUSUF,'0408,1800000.00,DB,18338644.91
'12/08/2026,TRSF E-BANKING DB 1208/FTSCY/WS952711213750.00        Sayur jul         PT DUNIA SEGAR MOD,'0408,1213750.00,DB,17124894.91
'13/08/2026,TRSF E-BANKING DB 1208/FTSCY/WS95271615000.00         Gas 3             RIZKI FIRMANSYAH,'0000,615000.00,DB,16509894.91
'13/08/2026,TRSF E-BANKING CR 1308/FTSCY/WS9505155100.00          4080067271        268D036802491553  VISIONET INTERNASI,'0450,55100.00,CR,16564994.91
'13/08/2026,TRSF E-BANKING CR 1308/FTSCY/WS95051167063.00         4080067271        268D03CW02496158  VISIONET INTERNASI,'0450,167063.00,CR,16732057.91
'13/08/2026,TRSF E-BANKING CR 1308/FTSCY/WS95051460407.00         4080067271        268D03NH02503260  VISIONET INTERNASI,'0450,460407.00,CR,17192464.91
'13/08/2026,TRSF E-BANKING CR 1308/FTSCY/WS9505152149.00          4080067271        268D051A02537236  VISIONET INTERNASI,'0450,52149.00,CR,17244613.91
'13/08/2026,TRSF E-BANKING CR 1308/FTSCY/WS95051764492.00         G058990717 1308   WLSTeb585e76dedecbDOMPET ANAK BANGSA,'5265,764492.00,CR,18009105.91
'13/08/2026,TRSF E-BANKING CR 1308/FTSCY/WS95051125080.00         G291124104 1308   WLST18739330cad8edDOMPET ANAK BANGSA,'5265,125080.00,CR,18134185.91
'13/08/2026,TRSF E-BANKING CR 1308/FTSCY/WS95051112656.00         M321180 1308      WLST4163d3cb1cf6e5DOMPET ANAK BANGSA,'5265,112656.00,CR,18246841.91
'13/08/2026,KR OTOMATIS TANGGAL :12/08    MID : 885000668903TYFEL COFFEE-HO   QR :     120900.00DDR:          0.00,'0000,120900.00,CR,18367741.91
'13/08/2026,TRSF E-BANKING DB 1308/FTFVA/WS9527112608/SHOPEE      1234568959,'0000,236651.00,DB,18131090.91
'13/08/2026,TRSF E-BANKING DB 1308/FTFVA/WS9527115918/ASTRO       81234568959,'0000,359268.00,DB,17771822.91
'13/08/2026,TRSF E-BANKING DB 1308/FTSCY/WS9527158000.00          Refund abc kemang CIRSKA NADIA PUTRI,'0408,58000.00,DB,17713822.91
'13/08/2026,TRSF E-BANKING DB 1308/FTSCY/WS952718000000.00        Lunas grinder     MOHAMMAD YUSUF,'0408,8000000.00,DB,9713822.91
'14/08/2026,TRSF E-BANKING DB 1308/FTFVA/WS9527138152/LALAMOVE    00009383330,'0000,500000.00,DB,9213822.91
'14/08/2026,TRSF E-BANKING DB 1408/FTSCY/WS952711725000.00        Frozen fruit      ANDREAS BUDIONO,'0000,1725000.00,DB,7488822.91
'14/08/2026,TRSF E-BANKING CR 1408/FTSCY/WS95051168032.00         4080067271        268E02NH02749616  VISIONET INTERNASI,'0450,168032.00,CR,7656854.91
'14/08/2026,TRSF E-BANKING CR 1408/FTSCY/WS95051366856.00         4080067271        268E03F502768516  VISIONET INTERNASI,'0450,366856.00,CR,8023710.91
'14/08/2026,TRSF E-BANKING CR 1408/FTSCY/WS95051406440.00         4080067271        268E03LR02772872  VISIONET INTERNASI,'0450,406440.00,CR,8430150.91
'14/08/2026,TRSF E-BANKING CR 1408/FTSCY/WS9505160669.00          4080067271        268E051K02808473  VISIONET INTERNASI,'0450,60669.00,CR,8490819.91
'14/08/2026,TRSF E-BANKING CR 1408/FTSCY/WS95051359893.00         G291124104 1408   WLSTafa016ad0653dbDOMPET ANAK BANGSA,'5265,359893.00,CR,8850712.91
'14/08/2026,TRSF E-BANKING CR 1408/FTSCY/WS95051134108.00         M321180 1408      WLSTeffbd1a55316bcDOMPET ANAK BANGSA,'5265,134108.00,CR,8984820.91
'14/08/2026,TRSF E-BANKING CR 1408/FTSCY/WS95051263208.00         G058990717 1408   WLSTd692a5af79393cDOMPET ANAK BANGSA,'5265,263208.00,CR,9248028.91
'14/08/2026,KR OTOMATIS TANGGAL :13/08    MID : 885000668903TYFEL COFFEE-HO   QR :     227350.00DDR:          0.00,'0000,227350.00,CR,9475378.91
'14/08/2026,TRSF E-BANKING CR 1408/FTSCY/WS95051187446.00         4080067271        268E15RU02976541  VISIONET INTERNASI,'0450,187446.00,CR,9662824.91
'14/08/2026,TRSF E-BANKING DB 1408/FTSCY/WS95271482850.00         Sirup sukanda     SUKANDA DJAYA PT,'0408,482850.00,DB,9179974.91
'15/08/2026,TRSF E-BANKING CR 1508/FTSCY/WS9505184603.00          4080067271        268F02NG02010139  VISIONET INTERNASI,'0000,84603.00,CR,9264577.91
'15/08/2026,TRSF E-BANKING CR 1508/FTSCY/WS9505144600.00          4080067271        268F037902020085  VISIONET INTERNASI,'0000,44600.00,CR,9309177.91
'15/08/2026,TRSF E-BANKING CR 1508/FTSCY/WS95051158278.00         4080067271        268F03E802023662  VISIONET INTERNASI,'0000,158278.00,CR,9467455.91
'15/08/2026,TRSF E-BANKING CR 1508/FTSCY/WS95051329551.00         4080067271        268F03MW02027960  VISIONET INTERNASI,'0000,329551.00,CR,9797006.91
'15/08/2026,KARTU KREDIT MID:000668903     TYFEL COFFEE-HO   TGH:00000158700.00ADM:00000002380.00,'0000,156320.00,CR,9953326.91
'15/08/2026,TRSF E-BANKING CR 1508/FTSCY/WS95051464306.00         G291124104 1508   WLST410e666817b1aaDOMPET ANAK BANGSA,'5265,464306.00,CR,10417632.91
'15/08/2026,TRSF E-BANKING CR 1508/FTSCY/WS9505182335.00          M321180 1508      WLST7cf857881a1737DOMPET ANAK BANGSA,'5265,82335.00,CR,10499967.91
'15/08/2026,TRSF E-BANKING CR 1508/FTSCY/WS95051663744.00         G058990717 1508   WLST4fe52334edec3cDOMPET ANAK BANGSA,'5265,663744.00,CR,11163711.91
'15/08/2026,TRSF E-BANKING CR 1508/FTSCY/WS9505176156.00          G295064203 1508   WLSTe4606ed1a6b9f6DOMPET ANAK BANGSA,'5265,76156.00,CR,11239867.91
'15/08/2026,KR OTOMATIS TANGGAL :14/08    MID : 885000668903TYFEL COFFEE-HO   QR :      96600.00DDR:          0.00,'0000,96600.00,CR,11336467.91
'15/08/2026,TRSF E-BANKING DB 1508/FTSCY/WS952711040000.00        Frozen sukanda    SUKANDA DJAYA PT,'0408,1040000.00,DB,10296467.91
'15/08/2026,TRSF E-BANKING DB 1508/FTSCY/WS952711040000.00        Tortilla gv       SUKANDA DJAYA PT,'0408,1040000.00,DB,9256467.91
'16/08/2026,TRSF E-BANKING DB 1608/FTFVA/WS9527112608/SHOPEE      81024841253,'0000,378000.00,DB,8878467.91
'16/08/2026,TRSF E-BANKING DB 1608/FTSCY/WS952711500000.00        Cl                BUDI SANTOSO,'0000,1500000.00,DB,7378467.91
'16/08/2026,TRSF E-BANKING CR 1608/FTSCY/WS9505144329.00          4080067271        268G02LX02205116  VISIONET INTERNASI,'0000,44329.00,CR,7422796.91
'16/08/2026,TRSF E-BANKING CR 1608/FTSCY/WS95051399616.00         4080067271        268G03IW02227689  VISIONET INTERNASI,'0000,399616.00,CR,7822412.91
'16/08/2026,TRSF E-BANKING CR 1608/FTSCY/WS95051630459.00         4080067271        268G03NF02230591  VISIONET INTERNASI,'0000,630459.00,CR,8452871.91
'16/08/2026,TRSF E-BANKING CR 1608/FTSCY/WS9505142712.00          4080067271        268G055302267752  VISIONET INTERNASI,'0450,42712.00,CR,8495583.91
'16/08/2026,KARTU KREDIT MID:000668903     TYFEL COFFEE-HO   TGH:00000057500.00ADM:00000001150.00,'0000,56350.00,CR,8551933.91
'16/08/2026,TRSF E-BANKING CR 1608/FTSCY/WS95051359652.00         G291124104 1608   WLST3a22a5ff8e4efbDOMPET ANAK BANGSA,'5265,359652.00,CR,8911585.91
'16/08/2026,TRSF E-BANKING CR 1608/FTSCY/WS95051734782.00         G058990717 1608   WLST2f6c24818fcad1DOMPET ANAK BANGSA,'5265,734782.00,CR,9646367.91
'16/08/2026,TRSF E-BANKING CR 1608/FTSCY/WS9505192763.00          G996412497 1608   WLSTcd74ff86656607DOMPET ANAK BANGSA,'5265,92763.00,CR,9739130.91
'16/08/2026,TRSF E-BANKING CR 1608/FTSCY/WS95051143498.00         G295064203 1608   WLST1ec1f8165ff9f4DOMPET ANAK BANGSA,'5265,143498.00,CR,9882628.91
'16/08/2026,TRSF E-BANKING CR 1608/FTSCY/WS9505186430.00          M321180 1608      WLSTa957e04e4ce86fDOMPET ANAK BANGSA,'5265,86430.00,CR,9969058.91
'16/08/2026,KR OTOMATIS TANGGAL :15/08    MID : 885000668903TYFEL COFFEE-HO   QR :     214000.00DDR:          0.00,'0000,214000.00,CR,10183058.91
'16/08/2026,TRSF E-BANKING CR 1608/FTSCY/WS952712645000.00        payment 56 boxes xie2               DWI SINGGIH FINNA,'6690,2645000.00,CR,12828058.91
'16/08/2026,TRSF E-BANKING DB 1608/FTSCY/WS95271600000.00         Cl aji            AHMAD FAUZI,'0408,600000.00,DB,12228058.91
'17/08/2026,TRSF E-BANKING CR 1708/FTSCY/WS95051161604.00         4080067271        268H02J902484404  VISIONET INTERNASI,'0450,161604.00,CR,12389662.91
'17/08/2026,TRSF E-BANKING CR 1708/FTSCY/WS9505143680.00          4080067271        268H036802500168  VISIONET INTERNASI,'0450,43680.00,CR,12433342.91
'17/08/2026,TRSF E-BANKING CR 1708/FTSCY/WS95051391566.00         4080067271        268H03CL02504682  VISIONET INTERNASI,'0450,391566.00,CR,12824908.91
'17/08/2026,TRSF E-BANKING CR 1708/FTSCY/WS95051598267.00         4080067271        268H03L902508899  VISIONET INTERNASI,'0450,598267.00,CR,13423175.91
'17/08/2026,TRSF E-BANKING CR 1708/FTSCY/WS95051259501.00         4080067271        268H04YX02543343  VISIONET INTERNASI,'0450,259501.00,CR,13682676.91
'17/08/2026,TRSF E-BANKING CR 1708/FTSCY/WS95051704532.00         G058990717 1708   WLSTda5ed84f9eec10DOMPET ANAK BANGSA,'5265,704532.00,CR,14387208.91
'17/08/2026,TRSF E-BANKING CR 1708/FTSCY/WS9505143401.00          G291124104 1708   WLST9a10b633e881a5DOMPET ANAK BANGSA,'5265,43401.00,CR,14430609.91
'17/08/2026,TRSF E-BANKING CR 1708/FTSCY/WS9505195647.00          M321180 1708      WLST7055e21e1a5c41DOMPET ANAK BANGSA,'5265,95647.00,CR,14526256.91
'18/08/2026,TRSF E-BANKING CR 1808/FTSCY/WS95051332519.00         4080067271        268I02IS02751393  VISIONET INTERNASI,'0450,332519.00,CR,14858775.91
'18/08/2026,TRSF E-BANKING CR 1808/FTSCY/WS9505121080.00          4080067271        268I033A02765596  VISIONET INTERNASI,'0450,21080.00,CR,14879855.91
'18/08/2026,TRSF E-BANKING CR 1808/FTSCY/WS95051289941.00         4080067271        268I039Y02770047  VISIONET INTERNASI,'0450,289941.00,CR,15169796.91
'18/08/2026,TRSF E-BANKING CR 1808/FTSCY/WS95051282937.00         4080067271        268I03ID02775147  VISIONET INTERNASI,'0450,282937.00,CR,15452733.91
'18/08/2026,TRSF E-BANKING CR 1808/FTSCY/WS9505137853.00          4080067271        268I04UX02808619  VISIONET INTERNASI,'0450,37853.00,CR,15490586.91
'18/08/2026,TRSF E-BANKING CR 1808/FTSCY/WS95051187175.00         G291124104 1808   WLST6026ba0cc6096aDOMPET ANAK BANGSA,'5265,187175.00,CR,15677761.91
'18/08/2026,TRSF E-BANKING CR 1808/FTSCY/WS9505150502.00          G739299012 1808   WLST1940abaa3cb19bDOMPET ANAK BANGSA,'5265,50502.00,CR,15728263.91
'18/08/2026,TRSF E-BANKING CR 1808/FTSCY/WS95051168867.00         G295064203 1808   WLST6df43020a4df45DOMPET ANAK BANGSA,'5265,168867.00,CR,15897130.91
'18/08/2026,TRSF E-BANKING CR 1808/FTSCY/WS95051547004.00         G058990717 1808   WLSTebe284cdd40d71DOMPET ANAK BANGSA,'5265,547004.00,CR,16444134.91
'18/08/2026,TRSF E-BANKING CR 1808/FTSCY/WS9505172100.00          G996412497 1808   WLST1b0125690eded4DOMPET ANAK BANGSA,'5265,72100.00,CR,16516234.91
'18/08/2026,KR OTOMATIS TANGGAL :17/08    MID : 885000668903TYFEL COFFEE-HO   QR :     177100.00DDR:          0.00,'0000,177100.00,CR,16693334.91
'18/08/2026,TRSF E-BANKING DB 1808/FTFVA/WS9527115918/ASTRO       81234568959,'0000,219800.00,DB,16473534.91
'18/08/2026,TRSF E-BANKING DB 1808/FTFVA/WS9527112608/SHOPEE      1234568959,'0000,635266.00,DB,15838268.91
'18/08/2026,TRSF E-BANKING DB 1808/FTSCY/WS95271388944.00         Maple             ABADI NIAGA PRIMA,'0408,388944.00,DB,15449324.91
'18/08/2026,TRSF E-BANKING DB 1808/FTSCY/WS95271225000.00         Cookies enak      STEVEN TANTI,'0408,225000.00,DB,15224324.91
'18/08/2026,TRSF E-BANKING DB 1808/FTSCY/WS95271180000.00         Es batu deposit   ADI SANTOSO,'0408,180000.00,DB,15044324.91
'19/08/2026,TRSF E-BANKING CR 1908/FTSCY/WS9505119834.00          4080067271        268J02M402016729  VISIONET INTERNASI,'0450,19834.00,CR,15064158.91
'19/08/2026,TRSF E-BANKING CR 1908/FTSCY/WS9505174480.00          4080067271        268J037M02031123  VISIONET INTERNASI,'0450,74480.00,CR,15138638.91
'19/08/2026,TRSF E-BANKING CR 1908/FTSCY/WS95051371361.00         4080067271        268J03E002035492  VISIONET INTERNASI,'0450,371361.00,CR,15509999.91
'19/08/2026,TRSF E-BANKING CR 1908/FTSCY/WS95051126240.00         4080067271        268J051V02074754  VISIONET INTERNASI,'0450,126240.00,CR,15636239.91
'19/08/2026,TRSF E-BANKING CR 1908/FTSCY/WS95051184129.00         G291124104 1908   WLST5a8235af18bddeDOMPET ANAK BANGSA,'5265,184129.00,CR,15820368.91
'19/08/2026,TRSF E-BANKING CR 1908/FTSCY/WS9505177659.00          G996412497 1908   WLSTc12da65a68bd1dDOMPET ANAK BANGSA,'5265,77659.00,CR,15898027.91
'19/08/2026,TRSF E-BANKING CR 1908/FTSCY/WS9505197552.00          M321180 1908      WLST528ff0880376b7DOMPET ANAK BANGSA,'5265,97552.00,CR,15995579.91
'19/08/2026,TRSF E-BANKING DB 1908/FTSCY/WS95271153100.00         Dry sukanda       SUKANDA DJAYA PT,'0408,153100.00,DB,15842479.91
'19/08/2026,TRSF E-BANKING DB 1908/FTFVA/WS9527112608/SHOPEE      81024841253,'0000,47562.00,DB,15794917.91
'19/08/2026,TRSF E-BANKING DB 1908/FTSCY/WS952713204000.00        inv-202606-0865-DdrvxG              SHADOWCHEF TEKNOLO,'0408,3204000.00,DB,12590917.91
'19/08/2026,TRSF E-BANKING DB 1908/FTSCY/WS95271896389.00         Frozen sukanda    SUKANDA DJAYA PT,'0408,896389.00,DB,11694528.91
'19/08/2026,TRSF E-BANKING DB 1908/FTFVA/WS9527115918/ASTRO       81234568959,'0000,237200.00,DB,11457328.91
'20/08/2026,TRSF E-BANKING DB 2008/FTFVA/WS9527180777/TOKOPEDIA   081234568959,'0000,6022365.00,DB,5434963.91
'20/08/2026,TRSF E-BANKING CR 2008/FTSCY/WS95051117170.00         G291124104 2008   WLSTd2ea79aa113e42DOMPET ANAK BANGSA,'5265,117170.00,CR,5552133.91
'20/08/2026,TRSF E-BANKING CR 2008/FTSCY/WS95051530086.00         G058990717 2008   WLST58175a242b14b5DOMPET ANAK BANGSA,'5265,530086.00,CR,6082219.91
'20/08/2026,TRSF E-BANKING CR 2008/FTSCY/WS95051177863.00         M321180 2008      WLST9b892631dee317DOMPET ANAK BANGSA,'5265,177863.00,CR,6260082.91
'20/08/2026,KR OTOMATIS TANGGAL :19/08    MID : 885000668903TYFEL COFFEE-HO   QR :     155350.00DDR:          0.00,'0000,155350.00,CR,6415432.91
'20/08/2026,TRSF E-BANKING DB 2008/FTFVA/WS9527115918/ASTRO       81234568959,'0000,108050.00,DB,6307382.91
'20/08/2026,TRSF E-BANKING DB 2008/FTSCY/WS952711472819.00        Frozen sukanda    SUKANDA DJAYA PT,'0408,1472819.00,DB,4834563.91
'20/08/2026,TRSF E-BANKING DB 2008/FTSCY/WS952711204000.00        Sembako           RIO,'0408,1204000.00,DB,3630563.91
'20/08/2026,TRSF E-BANKING DB 2008/FTFVA/WS9527112608/SHOPEE      1234568959,'0000,823494.00,DB,2807069.91
'20/08/2026,TRSF E-BANKING CR 2008/FTSCY/WS95051103992.00         4080067271        268K0VXA02574982  VISIONET INTERNASI,'0450,103992.00,CR,2911061.91
'20/08/2026,TRSF E-BANKING CR 2008/FTSCY/WS9505130094.00          4080067271        268K0W1Y02577457  VISIONET INTERNASI,'0450,30094.00,CR,2941155.91
'20/08/2026,TRSF E-BANKING DB 2008/FTFVA/WS9527112608/SHOPEE      81024841253,'0000,364000.00,DB,2577155.91
'20/08/2026,TRSF E-BANKING CR 2008/FTSCY/WS9505198560.00          4080067271        268K160Z02605700  VISIONET INTERNASI,'0450,98560.00,CR,2675715.91
'20/08/2026,TRSF E-BANKING CR 2008/FTSCY/WS9505133880.00          4080067271        268K16BS02611755  VISIONET INTERNASI,'0450,33880.00,CR,2709595.91
'20/08/2026,TRSF E-BANKING CR 2008/FTSCY/WS95051409946.00         4080067271        268K16MB02617636  VISIONET INTERNASI,'0450,409946.00,CR,3119541.91
'21/08/2026,TRSF E-BANKING CR 2108/FTSCY/WS95051109627.00         4080067271        268L02MO02669162  VISIONET INTERNASI,'0450,109627.00,CR,3229168.91
'21/08/2026,TRSF E-BANKING CR 2108/FTSCY/WS9505121594.00          4080067271        268L037W02683409  VISIONET INTERNASI,'0450,21594.00,CR,3250762.91
'21/08/2026,TRSF E-BANKING CR 2108/FTSCY/WS95051272063.00         4080067271        268L03FK02687853  VISIONET INTERNASI,'0450,272063.00,CR,3522825.91
'21/08/2026,TRSF E-BANKING CR 2108/FTSCY/WS95051246474.00         4080067271        268L03RA02695569  VISIONET INTERNASI,'0450,246474.00,CR,3769299.91
'21/08/2026,TRSF E-BANKING CR 2108/FTSCY/WS95051135981.00         4080067271        268L053M02728570  VISIONET INTERNASI,'0450,135981.00,CR,3905280.91
'21/08/2026,TRSF E-BANKING CR 2108/FTSCY/WS95051820348.00         G058990717 2108   WLST589ff3eb44c553DOMPET ANAK BANGSA,'5265,820348.00,CR,4725628.91
'21/08/2026,TRSF E-BANKING CR 2108/FTSCY/WS95051337573.00         G291124104 2108   WLSTc8b1812c1fbe75DOMPET ANAK BANGSA,'5265,337573.00,CR,5063201.91
'21/08/2026,TRSF E-BANKING CR 2108/FTSCY/WS95051149392.00         G996412497 2108   WLSTe2575576790fa4DOMPET ANAK BANGSA,'5265,149392.00,CR,5212593.91
'21/08/2026,TRSF E-BANKING DB 2108/FTSCY/WS95271300000.00         Cl                AJI PERDIANSYAH,'0408,300000.00,DB,4912593.91
'22/08/2026,KR OTOMATIS MID : 885000668903TYFEL COFFEE-HO   TGH:     135700.00DDR:        203.55,'0000,135496.45,CR,5048090.36
'22/08/2026,KARTU KREDIT MID:000668903     TYFEL COFFEE-HO   TGH:00000043700.00ADM:00000000874.00,'0000,42826.00,CR,5090916.36
'22/08/2026,TRSF E-BANKING CR 2208/FTSCY/WS9505176385.00          G291124104 2208   WLST4f74b721c33117DOMPET ANAK BANGSA,'5265,76385.00,CR,5167301.36
'22/08/2026,TRSF E-BANKING CR 2208/FTSCY/WS9505198164.00          M321180 2208      WLST347dbecb7457c4DOMPET ANAK BANGSA,'5265,98164.00,CR,5265465.36
'22/08/2026,TRSF E-BANKING CR 2208/FTSCY/WS95051209676.00         G996412497 2208   WLSTa879d2ac03375bDOMPET ANAK BANGSA,'5265,209676.00,CR,5475141.36
'22/08/2026,TRSF E-BANKING CR 2208/FTSCY/WS95051627043.00         G058990717 2208   WLST63aeac48de94faDOMPET ANAK BANGSA,'5265,627043.00,CR,6102184.36
'22/08/2026,KR OTOMATIS TANGGAL :21/08    MID : 885000668903TYFEL COFFEE-HO   QR :     359950.00DDR:          0.00,'0000,359950.00,CR,6462134.36
'22/08/2026,TRSF E-BANKING CR 2208/FTSCY/WS9505179197.00          4080067271        268M0UW202264321  VISIONET INTERNASI,'0450,79197.00,CR,6541331.36
'22/08/2026,TRSF E-BANKING CR 2208/FTSCY/WS95271339000.00         Catering          THERESIA YOLANDA M,'0458,339000.00,CR,6880331.36
'22/08/2026,TRSF E-BANKING CR 2208/FTSCY/WS95051110578.00         4080067271        268M15UI02313620  VISIONET INTERNASI,'0450,110578.00,CR,6990909.36
'22/08/2026,TRSF E-BANKING CR 2208/FTSCY/WS95051411312.00         4080067271        268M168302322049  VISIONET INTERNASI,'0450,411312.00,CR,7402221.36
'23/08/2026,TRSF E-BANKING DB 2308/FTFVA/WS9527115918/ASTRO       81234568959,'0000,110572.00,DB,7291649.36
'23/08/2026,KR OTOMATIS MID : 885000668903TYFEL COFFEE-HO   TGH:      43700.00DDR:         65.55,'0000,43634.45,CR,7335283.81
'23/08/2026,TRSF E-BANKING CR 2308/FTSCY/WS95051695341.00         4080067271        268N0B9F02554191  VISIONET INTERNASI,'0450,695341.00,CR,8030624.81
'23/08/2026,TRSF E-BANKING CR 2308/FTSCY/WS95051108241.00         G739299012 2308   WLST920fb591ff5b8eDOMPET ANAK BANGSA,'5265,108241.00,CR,8138865.81
'23/08/2026,TRSF E-BANKING CR 2308/FTSCY/WS95051344216.00         4080067271        268N0CRN02587187  VISIONET INTERNASI,'0450,344216.00,CR,8483081.81
'23/08/2026,TRSF E-BANKING CR 2308/FTSCY/WS95051368166.00         4080067271        268N0EH902624490  VISIONET INTERNASI,'0450,368166.00,CR,8851247.81
'23/08/2026,KR OTOMATIS TANGGAL :22/08    MID : 885000668903TYFEL COFFEE-HO   QR :     561300.00DDR:          0.00,'0000,561300.00,CR,9412547.81
'23/08/2026,TRSF E-BANKING CR 2308/FTSCY/WS9505197800.00          4080067271        268N0EVY02633365  VISIONET INTERNASI,'0450,97800.00,CR,9510347.81
'23/08/2026,TRSF E-BANKING CR 2308/FTSCY/WS95051207060.00         G291124104 2308   WLST75d76038e95df2DOMPET ANAK BANGSA,'5265,207060.00,CR,9717407.81
'23/08/2026,TRSF E-BANKING CR 2308/FTSCY/WS95051565430.00         G058990717 2308   WLST267edd9e1f0c53DOMPET ANAK BANGSA,'5265,565430.00,CR,10282837.81
'23/08/2026,TRSF E-BANKING CR 2308/FTSCY/WS9505171019.00          G295064203 2308   WLST9294ea445c5f79DOMPET ANAK BANGSA,'5265,71019.00,CR,10353856.81
'23/08/2026,TRSF E-BANKING DB 2308/FTFVA/WS9527112608/SHOPEE      81024841253,'0000,359300.00,DB,9994556.81
'24/08/2026,TRSF E-BANKING DB 2408/FTFVA/WS9527115918/ASTRO       81234568959,'0000,315716.00,DB,9678840.81
'24/08/2026,TRSF E-BANKING CR 2408/FTSCY/WS95051139561.00         4080067271        268O02M502726105  VISIONET INTERNASI,'0450,139561.00,CR,9818401.81
'24/08/2026,TRSF E-BANKING CR 2408/FTSCY/WS9505151848.00          4080067271        268O050302784064  VISIONET INTERNASI,'0450,51848.00,CR,9870249.81
'24/08/2026,TRSF E-BANKING CR 2408/FTSCY/WS9505147400.00          4080067271        268O0BSJ02899777  VISIONET INTERNASI,'0450,47400.00,CR,9917649.81
'24/08/2026,TRSF E-BANKING CR 2408/FTSCY/WS95051529912.00         G058990717 2408   WLST4080089eec7a51DOMPET ANAK BANGSA,'5265,529912.00,CR,10447561.81
'24/08/2026,TRSF E-BANKING CR 2408/FTSCY/WS95051292831.00         G291124104 2408   WLST6cabfc0a95eea8DOMPET ANAK BANGSA,'5265,292831.00,CR,10740392.81
'24/08/2026,TRSF E-BANKING CR 2408/FTSCY/WS95051210173.00         M321180 2408      WLSTb27f1f8f1922f0DOMPET ANAK BANGSA,'5265,210173.00,CR,10950565.81
'24/08/2026,TRSF E-BANKING CR 2408/FTSCY/WS9505176156.00          G295064203 2408   WLST2784e98cf587b1DOMPET ANAK BANGSA,'5265,76156.00,CR,11026721.81
'24/08/2026,TRSF E-BANKING CR 2408/FTSCY/WS95051585592.00         4080067271        268O0CWH02923257  VISIONET INTERNASI,'0450,585592.00,CR,11612313.81
'24/08/2026,TRSF E-BANKING CR 2408/FTSCY/WS95051757336.00         4080067271        268O0D6U02929224  VISIONET INTERNASI,'0450,757336.00,CR,12369649.81
'24/08/2026,KR OTOMATIS TANGGAL :23/08    MID : 885000668903TYFEL COFFEE-HO   QR :     101200.00DDR:          0.00,'0000,101200.00,CR,12470849.81
'24/08/2026,TRSF E-BANKING CR 2408/FTSCY/WS95271220335.00         JONI CUKRI,'5270,220335.00,CR,12691184.81
'24/08/2026,TRSF E-BANKING CR 2408/FTSCY/WS9503179000.00          tyfel             DENNIS ALEXANDER,'5270,79000.00,CR,12770184.81
'25/08/2026,TRSF E-BANKING DB 2508/FTFVA/WS9527115918/ASTRO       81234568959,'0000,130097.00,DB,12640087.81
'25/08/2026,TRSF E-BANKING CR 2508/FTSCY/WS95051105736.00         4080067271        268P02LC02017728  VISIONET INTERNASI,'0000,105736.00,CR,12745823.81
'25/08/2026,TRSF E-BANKING CR 2508/FTSCY/WS9505160800.00          4080067271        268P036S02032267  VISIONET INTERNASI,'0000,60800.00,CR,12806623.81
'25/08/2026,TRSF E-BANKING CR 2508/FTSCY/WS95051367598.00         4080067271        268P03FN02037330  VISIONET INTERNASI,'0000,367598.00,CR,13174221.81
'25/08/2026,TRSF E-BANKING CR 2508/FTSCY/WS9505149449.00          4080067271        268P0BO802188367  VISIONET INTERNASI,'0450,49449.00,CR,13223670.81
'25/08/2026,TRSF E-BANKING CR 2508/FTSCY/WS95051143458.00         G058990717 2508   WLST77edb6d2e84916DOMPET ANAK BANGSA,'5265,143458.00,CR,13367128.81
'25/08/2026,TRSF E-BANKING CR 2508/FTSCY/WS95051210398.00         G291124104 2508   WLSTd4697731a40960DOMPET ANAK BANGSA,'5265,210398.00,CR,13577526.81
'25/08/2026,TRSF E-BANKING CR 2508/FTSCY/WS95051161491.00         4080067271        268P0E0N02243299  VISIONET INTERNASI,'0450,161491.00,CR,13739017.81
'25/08/2026,TRSF E-BANKING CR 2508/FTSCY/WS95051113267.00         M321180 2508      WLSTe206878660769dDOMPET ANAK BANGSA,'5265,113267.00,CR,13852284.81
'25/08/2026,KR OTOMATIS TANGGAL :24/08    MID : 885000668903TYFEL COFFEE-HO   QR :     204700.00DDR:          0.00,'0000,204700.00,CR,14056984.81
'26/08/2026,TRSF E-BANKING CR 2608/FTSCY/WS95051154091.00         4080067271        268Q02NM02349605  VISIONET INTERNASI,'0000,154091.00,CR,14211075.81
'26/08/2026,TRSF E-BANKING CR 2608/FTSCY/WS95051121924.00         M321180 2608      WLST035f823e863b61DOMPET ANAK BANGSA,'5265,121924.00,CR,14332999.81
'26/08/2026,TRSF E-BANKING CR 2608/FTSCY/WS95051189305.00         G291124104 2608   WLST01d2edf1c44dc0DOMPET ANAK BANGSA,'5265,189305.00,CR,14522304.81
'26/08/2026,TRSF E-BANKING CR 2608/FTSCY/WS95051886550.00         G058990717 2608   WLST5cfb91ccc36fd8DOMPET ANAK BANGSA,'5265,886550.00,CR,15408854.81
'26/08/2026,TRSF E-BANKING CR 2608/FTSCY/WS9505190620.00          G739299012 2608   WLSTa79eb16a6a46a4DOMPET ANAK BANGSA,'5265,90620.00,CR,15499474.81
'26/08/2026,TRSF E-BANKING CR 2608/FTSCY/WS95051546272.00         4080067271        268Q0CZL02552757  VISIONET INTERNASI,'0450,546272.00,CR,16045746.81
'26/08/2026,TRSF E-BANKING CR 2608/FTSCY/WS95051266846.00         G295064203 2608   WLST3fba4041a664c6DOMPET ANAK BANGSA,'5265,266846.00,CR,16312592.81
'26/08/2026,TRSF E-BANKING CR 2608/FTSCY/WS9505164872.00          G996412497 2608   WLSTda7009b7d25d01DOMPET ANAK BANGSA,'5265,64872.00,CR,16377464.81
'26/08/2026,TRSF E-BANKING CR 2608/FTSCY/WS95051730820.00         4080067271        268Q0DLE02565459  VISIONET INTERNASI,'0450,730820.00,CR,17108284.81
'26/08/2026,TRSF E-BANKING CR 2608/FTSCY/WS9505148987.00          4080067271        268Q0DQ202568187  VISIONET INTERNASI,'0450,48987.00,CR,17157271.81
'26/08/2026,KR OTOMATIS TANGGAL :25/08    MID : 885000668903TYFEL COFFEE-HO   QR :      74800.00DDR:          0.00,'0000,74800.00,CR,17232071.81
'26/08/2026,TRSF E-BANKING DB 2608/FTFVA/WS9527112608/SHOPEE      81024841253,'0000,377800.00,DB,16854271.81
'26/08/2026,TRSF E-BANKING DB 2608/FTFVA/WS9527112008/SHOPEE      006538050040,'0000,48500.00,DB,16805771.81
'26/08/2026,TRSF E-BANKING DB 2608/FTSCY/WS952715000000.00        Salary            FELIX SALIM,'0408,5000000.00,DB,11805771.81
'26/08/2026,TRSF E-BANKING DB 2608/FTSCY/WS95271600000.00         Pelita tahunan tyfel                YAY PANCARAN METTA,'0408,600000.00,DB,11205771.81
'26/08/2026,TRSF E-BANKING DB 2608/FTSCY/WS952712160000.00        Telor 6 bon       NG NJUK TJIN,'0408,2160000.00,DB,9045771.81
'26/08/2026,TRSF E-BANKING DB 2608/FTFVA/WS9527112208/SHOPEEPAY   2111131241,'0000,2000000.00,DB,7045771.81
'27/08/2026,TRSF E-BANKING CR 2708/FTSCY/WS9505110857.00          4080067271        268R02NJ02652312  VISIONET INTERNASI,'0450,10857.00,CR,7056628.81
'27/08/2026,TRSF E-BANKING CR 2708/FTSCY/WS95051212479.00         4080067271        268R03H402671844  VISIONET INTERNASI,'0450,212479.00,CR,7269107.81
'27/08/2026,TRSF E-BANKING CR 2708/FTSCY/WS9505199728.00          4080067271        268R03MZ02675571  VISIONET INTERNASI,'0450,99728.00,CR,7368835.81
'27/08/2026,KARTU KREDIT MID:000668903     TYFEL COFFEE-HO   TGH:00000124200.00ADM:00000002484.00,'0000,121716.00,CR,7490551.81
'27/08/2026,TRSF E-BANKING CR 2708/FTSCY/WS95051183545.00         G291124104 2708   WLST5790b24b5f91ddDOMPET ANAK BANGSA,'5265,183545.00,CR,7674096.81
'27/08/2026,TRSF E-BANKING CR 2708/FTSCY/WS95051921168.00         G058990717 2708   WLST03667524a8d88fDOMPET ANAK BANGSA,'5265,921168.00,CR,8595264.81
'27/08/2026,TRSF E-BANKING DB 2708/FTFVA/WS9527138152/LALAMOVE    00009567354,'0000,500000.00,DB,8095264.81
'27/08/2026,TRSF E-BANKING DB 2708/FTFVA/WS9527115918/ASTRO       81234568959,'0000,91200.00,DB,8004064.81
'27/08/2026,TRSF E-BANKING DB 2708/FTFVA/WS9527112608/SHOPEE      1234568959,'0000,214200.00,DB,7789864.81
'28/08/2026,TRSF E-BANKING CR 2808/FTSCY/WS95051308464.00         4080067271        268S02MD02921692  VISIONET INTERNASI,'0450,308464.00,CR,8098328.81
'28/08/2026,TRSF E-BANKING CR 2808/FTSCY/WS95051464374.00         4080067271        268S03G902941978  VISIONET INTERNASI,'0450,464374.00,CR,8562702.81
'28/08/2026,TRSF E-BANKING CR 2808/FTSCY/WS95051110948.00         4080067271        268S03M802945757  VISIONET INTERNASI,'0450,110948.00,CR,8673650.81
'28/08/2026,TRSF E-BANKING CR 2808/FTSCY/WS95051166062.00         4080067271        268S053L02981412  VISIONET INTERNASI,'0450,166062.00,CR,8839712.81
'28/08/2026,TRSF E-BANKING CR 2808/FTSCY/WS95051598623.00         G058990717 2808   WLST3ff13504e62f04DOMPET ANAK BANGSA,'5265,598623.00,CR,9438335.81
'28/08/2026,TRSF E-BANKING CR 2808/FTSCY/WS9505183171.00          G291124104 2808   WLST20c278d1ffc341DOMPET ANAK BANGSA,'5265,83171.00,CR,9521506.81
'28/08/2026,TRSF E-BANKING CR 2808/FTSCY/WS95051125080.00         G295064203 2808   WLSTeaf909117910d3DOMPET ANAK BANGSA,'5265,125080.00,CR,9646586.81
'28/08/2026,TRSF E-BANKING CR 2808/FTSCY/WS95051183130.00         M321180 2808      WLSTffe714e0280553DOMPET ANAK BANGSA,'5265,183130.00,CR,9829716.81
'28/08/2026,TRSF E-BANKING CR 2808/FTSCY/WS9505156018.00          G996412497 2808   WLSTcb2ae57e0d7a5eDOMPET ANAK BANGSA,'5265,56018.00,CR,9885734.81
'28/08/2026,KR OTOMATIS TANGGAL :27/08    MID : 885000668903TYFEL COFFEE-HO   QR :     158700.00DDR:          0.00,'0000,158700.00,CR,10044434.81
'28/08/2026,BI-FAST DB TRANSFER   KE 535 DEWI AFRIYANI     MyBCA,'0000,1500000.00,DB,8544434.81
'28/08/2026,BI-FAST DB BIAYA TXN  KE 535 DEWI AFRIYANI     MyBCA,'0000,2500.00,DB,8541934.81
'28/08/2026,BI-FAST DB TRANSFER   KE 535 NURLELA           MyBCA,'0000,1220000.00,DB,7321934.81
'28/08/2026,BI-FAST DB BIAYA TXN  KE 535 NURLELA           MyBCA,'0000,2500.00,DB,7319434.81
'28/08/2026,TRSF E-BANKING DB 2808/FTSCY/WS952711845000.00        Salary agus lunas SANWANI,'0408,1845000.00,DB,5474434.81
'28/08/2026,TRSF E-BANKING DB 2808/FTSCY/WS952711005235.00        SOL2808262803     SUKANDA DJAYA PT,'0408,1005235.00,DB,4469199.81
'28/08/2026,TRSF E-BANKING DB 2808/FTSCY/WS95271615000.00         Gas 3             RIZKI FIRMANSYAH,'0408,615000.00,DB,3854199.81
'28/08/2026,TRSF E-BANKING DB 2808/FTFVA/WS9527112208/SHOPEEPAY   2111131241,'0000,395000.00,DB,3459199.81
'29/08/2026,TRSF E-BANKING CR 2908/FTSCY/WS95051127584.00         4080067271        268T02LZ02194687  VISIONET INTERNASI,'0450,127584.00,CR,3586783.81
'29/08/2026,TRSF E-BANKING CR 2908/FTSCY/WS9505148474.00          4080067271        268T039J02210909  VISIONET INTERNASI,'0450,48474.00,CR,3635257.81
'29/08/2026,TRSF E-BANKING CR 2908/FTSCY/WS95051246916.00         4080067271        268T03I002215000  VISIONET INTERNASI,'0450,246916.00,CR,3882173.81
'29/08/2026,TRSF E-BANKING CR 2908/FTSCY/WS95051638942.00         4080067271        268T03PX02219600  VISIONET INTERNASI,'0450,638942.00,CR,4521115.81
'29/08/2026,TRSF E-BANKING CR 2908/FTSCY/WS9505136027.00          4080067271        268T056M02255484  VISIONET INTERNASI,'0450,36027.00,CR,4557142.81
'29/08/2026,KARTU KREDIT MID:000668903     TYFEL COFFEE-HO   TGH:00000097750.00ADM:00000001466.00,'0000,96284.00,CR,4653426.81
'29/08/2026,TRSF E-BANKING CR 2908/FTSCY/WS95051243820.00         M321180 2908      WLST5d358ef6dd0799DOMPET ANAK BANGSA,'5265,243820.00,CR,4897246.81
'29/08/2026,TRSF E-BANKING CR 2908/FTSCY/WS95051299191.00         G058990717 2908   WLSTb4b4000875aa56DOMPET ANAK BANGSA,'5265,299191.00,CR,5196437.81
'29/08/2026,TRSF E-BANKING CR 2908/FTSCY/WS95051145995.00         G291124104 2908   WLST194a898c04c961DOMPET ANAK BANGSA,'5265,145995.00,CR,5342432.81
'29/08/2026,TRSF E-BANKING CR 2908/FTSCY/WS95051118819.00         G996412497 2908   WLSTb0491494ebaab4DOMPET ANAK BANGSA,'5265,118819.00,CR,5461251.81
'29/08/2026,KR OTOMATIS TANGGAL :28/08    MID : 885000668903TYFEL COFFEE-HO   QR :      92000.00DDR:          0.00,'0000,92000.00,CR,5553251.81
'29/08/2026,TRSF E-BANKING DB 2908/FTSCY/WS95271405000.00         Susu kemang       SAHRUL KIROM,'0408,405000.00,DB,5148251.81
'30/08/2026,TRSF E-BANKING CR 3008/FTSCY/WS95051192334.00         4080067271        268U02O402567830  VISIONET INTERNASI,'0000,192334.00,CR,5340585.81
'30/08/2026,TRSF E-BANKING CR 3008/FTSCY/WS9505157512.00          4080067271        268U039802582321  VISIONET INTERNASI,'0000,57512.00,CR,5398097.81
'30/08/2026,TRSF E-BANKING CR 3008/FTSCY/WS95051730529.00         4080067271        268U03IN02587428  VISIONET INTERNASI,'0450,730529.00,CR,6128626.81
'30/08/2026,TRSF E-BANKING CR 3008/FTSCY/WS95051549233.00         4080067271        268U03PS02592119  VISIONET INTERNASI,'0450,549233.00,CR,6677859.81
'30/08/2026,TRSF E-BANKING CR 3008/FTSCY/WS9505133421.00          4080067271        268U057D02629098  VISIONET INTERNASI,'0450,33421.00,CR,6711280.81
'30/08/2026,TRSF E-BANKING CR 3008/FTSCY/WS95051816340.00         G291124104 3008   WLSTa49c19e3d905c6DOMPET ANAK BANGSA,'5265,816340.00,CR,7527620.81
'30/08/2026,TRSF E-BANKING CR 3008/FTSCY/WS95051849746.00         G058990717 3008   WLSTb11bc7cd2902b8DOMPET ANAK BANGSA,'5265,849746.00,CR,8377366.81
'30/08/2026,KR OTOMATIS TANGGAL :29/08    MID : 885000668903TYFEL COFFEE-HO   QR :     317450.00DDR:          0.00,'0000,317450.00,CR,8694816.81
'30/08/2026,TRSF E-BANKING CR 3008/FTSCY/WS9527140000.00          GUNTORO FEBRIAN,'5270,40000.00,CR,8734816.81
'31/08/2026,BI-FAST DB TRANSFER   KE 009 IRPAN IRPANDI     MyBCA,'0000,134500.00,DB,8600316.81
'31/08/2026,BI-FAST DB BIAYA TXN  KE 009 IRPAN IRPANDI     MyBCA,'0000,2500.00,DB,8597816.81
'31/08/2026,BI-FAST DB TRANSFER   KE 535 AGUS SUPRAPTO     MyBCA,'0000,3905000.00,DB,4692816.81
'31/08/2026,BI-FAST DB BIAYA TXN  KE 535 AGUS SUPRAPTO     MyBCA,'0000,2500.00,DB,4690316.81
'31/08/2026,TRSF E-BANKING DB 3008/FTSCY/WS952712095000.00        Salary lunas aug  AJI PERDIANSYAH,'0000,2095000.00,DB,2595316.81
'31/08/2026,TRSF E-BANKING CR 3108/FTSCY/WS95051316928.00         4080067271        268V02N202848951  VISIONET INTERNASI,'0450,316928.00,CR,2912244.81
'31/08/2026,TRSF E-BANKING CR 3108/FTSCY/WS95051654710.00         4080067271        268V03G302869181  VISIONET INTERNASI,'0450,654710.00,CR,3566954.81
'31/08/2026,TRSF E-BANKING CR 3108/FTSCY/WS95051606270.00         4080067271        268V03MK02873710  VISIONET INTERNASI,'0450,606270.00,CR,4173224.81
'31/08/2026,TRSF E-BANKING CR 3108/FTSCY/WS95051875262.00         G058990717 3108   WLST41bd2322e310faDOMPET ANAK BANGSA,'5265,875262.00,CR,5048486.81
'31/08/2026,TRSF E-BANKING CR 3108/FTSCY/WS95051266684.00         G295064203 3108   WLST7cb0c2283cd2a5DOMPET ANAK BANGSA,'5265,266684.00,CR,5315170.81
'31/08/2026,TRSF E-BANKING CR 3108/FTSCY/WS95051222364.00         G291124104 3108   WLST2d241fa875201eDOMPET ANAK BANGSA,'5265,222364.00,CR,5537534.81
'31/08/2026,TRSF E-BANKING CR 3108/FTSCY/WS9505160039.00          G996412497 3108   WLST2f792371aa41f6DOMPET ANAK BANGSA,'5265,60039.00,CR,5597573.81
'31/08/2026,TRSF E-BANKING DB 3108/FTFVA/WS9527112608/SHOPEE      81024841253,'0000,340000.00,DB,5257573.81
'31/08/2026,TRSF E-BANKING DB 3108/FTFVA/WS9527112608/SHOPEE      1234568959,'0000,389500.00,DB,4868073.81
'31/08/2026,TRSF E-BANKING CR 3108/FTSCY/WS95271210000.00         ESTERLINA,'5485,210000.00,CR,5078073.81
'31/08/2026,BI-FAST DB TRANSFER   KE 008 EMANUEL BEO       MyBCA,'0000,3300000.00,DB,1778073.81
'31/08/2026,BI-FAST DB BIAYA TXN  KE 008 EMANUEL BEO       MyBCA,'0000,2500.00,DB,1775573.81
'31/08/2026,CR KOREKSI BUNGA ,'0000,0.05,CR,1775573.86
'31/08/2026,BUNGA ,'0000,100.67,CR,1775674.53
'31/08/2026,PAJAK BUNGA ,'0000,20.14,DB,1775654.39
Starting Balance,=,17447500.31
Credit,=,81067966.22
Debet,=,96739812.14
Ending Balance,=,1775654.39
